Group_Number,Group_Description,Inventory_Code,Description,PLU_Number,SupplierStockCode,UnitsPerCase,SOH,Cases,Units,SUMOFCOST,SUMOFQTY,SUMOFSALES,SUMOFSALESEX,SUMOFTAX
1,BEER,3318,CARLTON DRY CAN 375ML,3318,271101,24,344.000,14,8,424.230,179.000,662.300,602.086,60.214
1,BEER,9789,COOPERS PALE CAN 375ML,9789,861087,24,48.000,2,0,72.020,26.000,96.200,87.454,8.746
1,BEER,COR0001,CORONA BTL 355ML,1238,556072,24,363.000,15,3,504.160,184.000,680.800,618.905,61.895
1,BEER,EMU0002,EMU EXPORT CAN 375ML,1249,509842,30,465.000,15,15,570.850,245.000,784.000,712.728,71.272
1,BEER,5298,GREAT NTH 3.5% CAN 375ML,5298,443973,30,356.000,11,26,397.100,190.000,608.000,552.728,55.272
1,BEER,GUI0001,GUINNESS CAN 440ML,1254,569588,24,46.000,1,22,14.920,4.000,19.200,17.455,1.746
1,BEER,1095,HAHN S/DRY 3.5% CAN 375ML,1095,638468,30,257.000,8,16,155.250,69.000,220.800,200.728,20.072
1,BEER,1271,HEINEKEN BTL 330ML,1271,505149,24,24.000,1,0,97.560,36.000,133.200,121.091,12.109
1,BEER,JS002,J/SQUIRE 150 LASHES BTL 330ML *RR*,1276,052874,24,188.000,7,19,303.520,112.000,436.800,397.095,39.705
1,BEER,KIL0001,KILKENNY CAN 440ML,1278,569481,24,54.000,2,6,29.360,8.000,34.400,31.273,3.127
1,BEER,1969,L/CREAT ROGERS 3.8% BTL 330ML,1969,786143,24,6.000,0,6,338.660,118.000,436.600,396.906,39.694
1,BEER,3361,LITTLE CREAT PALE BTL 330ML,3361,585725,24,120.000,5,0,103.290,33.000,141.900,129.000,12.900
1,BEER,5557,MATSOS GINGER 3.5% CAN 330ML,5557,641526,24,77.000,3,5,158.460,38.000,163.400,148.546,14.855
1,BEER,CAR002,PURE BLONDE 3.5% BTL 330ML,1222,266753,24,129.000,5,9,32.760,14.000,47.600,43.273,4.327
1,BEER,844200,PURE BLONDE BTL 355ML *RR*,1217,397321,24,2.000,0,2,173.900,74.000,273.800,248.908,24.893
1,BEER,VIC0001,VB CAN 375ML,1318,780074,30,104.000,3,14,97.650,45.000,166.500,151.363,15.137
1,BEER,XXX0001,XXXX GOLD 3.5% CAN 375ML,1325,505987,30,152.000,5,1,25.560,12.000,38.400,34.909,3.491
2,CIDER,9342,REKORD STRWB/LIME 4% BTL 330ML,9342,231562,24,0.000,0,0,34.720,8.000,48.000,43.636,4.364
2,CIDER,9304,SOMERSBY PEAR BTL 330ML *RR*,9304,565982,24,89.000,3,17,98.050,37.000,173.900,158.090,15.810
2,CIDER,23563,STRONGBOW DRY BTL 330ML,23563,572366,24,50.000,2,2,15.470,7.000,25.900,23.545,2.355
3,SPIRITS,BUN001,BUNDY COLA 3.5% CAN 375ML,3007,580408,24,191.000,7,22,10.470,3.000,15.000,13.637,1.364
3,SPIRITS,BUND0001,BUNDY UP COLA CAN 375ML,3010,551551,24,37.000,1,13,143.220,33.000,204.600,186.001,18.599
3,SPIRITS,CAN0001,CAN/CLUB DRY CAN 375ML,3018,417278,30,91.000,3,0,162.430,37.000,229.400,208.546,20.854
3,SPIRITS,21422,CAN/CLUB DRY ZERO CAN 375ML,21422,730406,24,0.000,0,0,88.220,22.000,136.400,124.000,12.400
3,SPIRITS,23400,CAN/CLUB SODA LIME 4.8% CAN 375ML,23400,425836,24,200.000,8,8,28.070,7.000,43.400,39.455,3.946
3,SPIRITS,1036,GORDONS GIN TONIC CAN 375ML,1036,761478,24,30.000,1,6,17.920,4.000,28.400,25.818,2.582
3,SPIRITS,JIM001,J/BEAM COLA 3.5% CAN 375ML,3046,581718,24,114.000,4,18,21.000,6.000,30.000,27.273,2.727
3,SPIRITS,JIM0001,J/BEAM COLA CAN 375ML,3049,610839,24,163.000,6,19,131.080,29.000,179.800,163.455,16.345
3,SPIRITS,JIM0002,J/BEAM ZERO CAN 375ML,3045,581687,24,304.000,12,15,200.500,50.000,310.000,281.819,28.181
3,SPIRITS,JD001,J/DANIELS COLA 3.5% CAN 375ML,3042,501043,24,3.000,0,3,254.650,55.000,330.000,299.999,30.001
3,SPIRITS,JAC0001,J/DANIELS COLA CAN 375ML,3030,570932,24,320.000,13,8,183.890,37.000,229.400,208.546,20.854
3,SPIRITS,1108,J/DANIELS DRY CAN 375ML,1108,596310,24,150.000,6,6,188.860,38.000,235.600,214.183,21.417
3,SPIRITS,6018,J/DANIELS N/SUGAR CAN 375ML,6018,427082,24,214.000,8,21,372.750,75.000,465.000,422.728,42.272
3,SPIRITS,UDL0001,UDL VDK L/LIME SODA 4% CAN 375ML,3071,197250,24,117.000,4,21,56.030,13.000,72.800,66.182,6.618
3,SPIRITS,UDL0003,UDL VDK P/FRT 4% CAN 375ML,3073,197221,24,100.000,4,4,30.240,7.000,39.200,35.636,3.564
4,WINES,JAC0005,JACOBS CK MERLOT 187ML,4120,585458,24,44.000,1,20,5.520,2.000,10.200,9.273,0.927
4,WINES,6612,JACOBS CK SAUV BLANC 187ML,6612,501001,24,31.000,1,7,5.520,2.000,10.200,9.273,0.927
5,TOBACCO,9022,BIC LIGHTER REGULAR,9022,437875,50,149.000,2,49,1.140,1.000,3.500,3.182,0.318
5,TOBACCO,9310704907231,BOND ST BLUE 20/200,6333,270032,10,36.000,3,6,217.280,7.000,289.100,262.818,26.282
5,TOBACCO,9310704907255,BOND ST GOLD 20/200,6336,270095,10,53.000,5,2,93.120,3.000,123.900,112.637,11.264
5,TOBACCO,9310704907217,BOND ST RED 20/200,6341,270040,10,13.000,1,3,31.040,1.000,41.300,37.546,3.755
5,TOBACCO,9327329010628,CHAMPION RUBY RYO 25/250G,6370,407804,10,13.000,1,3,57.160,1.000,73.200,66.546,6.655
5,TOBACCO,9327329012240,JPS CRUSHBALL BLUE 25/200,19791,941188,8,40.000,5,0,81.360,2.000,104.800,95.273,9.527
5,TOBACCO,93229593,LB BLUE 40/160,9005,450043,4,7.000,1,3,62.830,1.000,79.900,72.636,7.264
5,TOBACCO,93229586,LB ORIG YELLOW 40/160,9004,450035,4,5.000,1,1,188.490,3.000,239.700,217.909,21.791
5,TOBACCO,9310704912525,PJ CLASSIC GOLD 30/180,18707,895405,6,17.000,2,5,47.820,1.000,63.900,58.091,5.809
5,TOBACCO,93211147,PJ ORIG BLUE 30/180,9008,450394,6,20.000,3,2,207.600,4.000,267.600,243.273,24.327
5,TOBACCO,9310797281683,PORT ROYAL RYO R&W 25/125G,9750,602629,5,27.000,5,2,57.660,1.000,74.900,68.091,6.809
5,TOBACCO,17843,RANCH FLT MICRO SLIM 130S,17843,485323,12,27.000,2,3,1.390,1.000,2.900,2.636,0.264
5,TOBACCO,9024,RIZLA PAPERS DBL 100PK,9024,999979,25,99.000,3,24,1.820,2.000,5.000,4.545,0.455
5,TOBACCO,9025,TALLY HO PAPERS 50PK,9025,081103,100,400.000,4,0,0.660,1.000,2.000,1.818,0.182
5,TOBACCO,9310797284905,WF ORIG BLUE 25/200,19744,197726,8,8.000,1,0,297.080,7.000,391.300,355.727,35.573
5,TOBACCO,9310797284929,WF ORIG GOLD 25/200,19746,214337,8,25.000,3,1,212.200,5.000,279.500,254.091,25.409
5,TOBACCO,9310797284882,WF ORIG RED 25/200,19506,196851,8,3.000,0,3,169.760,4.000,223.600,203.273,20.327
5,TOBACCO,9310797281720,WF RYO BLUE 25/125G,9763,363123,5,7.000,1,1,55.320,1.000,74.000,67.273,6.727
5,TOBACCO,9310797281744,WF RYO GOLD 25/125G,9764,363115,5,10.000,2,0,55.320,1.000,74.000,67.273,6.727
6,SOFTDRINKS,090712,B/BERG GINGER BEER 375ML,15638,90712,24,23.000,0,23,18.040,11.000,30.800,28.001,2.800
6,SOFTDRINKS,428583,B/BERG GINGER BEER 750ML,15635,00428583,12,23.000,1,11,2.750,1.000,4.000,3.636,0.364
6,SOFTDRINKS,436,COKE 1.25L,436,950062,12,18.000,1,6,5.620,2.000,10.600,9.636,0.964
6,SOFTDRINKS,4010,COKE 375ML,4010,950971,24,212.000,8,20,63.920,47.000,131.040,119.129,11.911
6,SOFTDRINKS,4011,COKE 600ML,4011,955732,24,161.000,6,16,39.710,19.000,80.500,73.182,7.318
6,SOFTDRINKS,16563,COKE NO SUGAR 375ML,16563,953346,24,308.000,12,20,19.040,14.000,38.920,35.383,3.538
6,SOFTDRINKS,16567,COKE NO SUGAR 600ML,16567,953320,24,121.000,5,1,77.330,37.000,157.500,143.182,14.318
6,SOFTDRINKS,20058,LEVEL LEMONADE ORIG 300ML,20058,00871341,6,36.000,6,0,13.200,5.000,23.000,20.909,2.091
6,SOFTDRINKS,20059,LEVEL LEMONADE PINE 300ML,20059,00871375,6,34.000,5,4,7.920,3.000,13.800,12.545,1.255
6,SOFTDRINKS,20571,MOUNTAIN DEW 440ML,20571,10004814,24,3.000,0,3,10.450,11.000,33.190,30.173,3.017
6,SOFTDRINKS,20577,MOUNTAIN DEW 600ML,20577,10004815,24,34.000,1,10,1.510,1.000,4.500,4.091,0.409
6,SOFTDRINKS,20568,PEPSI 440ML,20568,10005611,24,80.000,3,8,10.450,11.000,33.100,30.091,3.009
6,SOFTDRINKS,20574,PEPSI 600ML,20574,3221,24,67.000,2,18,1.510,1.000,4.500,4.091,0.409
6,SOFTDRINKS,18926,PEPSI MAX 440ML,18926,10002391,24,101.000,4,4,3.800,4.000,12.200,11.091,1.109
6,SOFTDRINKS,20575,SCH LEMONADE 600ML,20575,2919,24,51.000,2,3,3.020,2.000,9.000,8.182,0.818
6,SOFTDRINKS,20569,SCH TRAD RASP 440ML,20569,10005613,24,79.000,3,6,0.950,1.000,3.100,2.818,0.282
6,SOFTDRINKS,20578,SCH TRAD RASP 600ML,20578,2925,24,91.000,3,18,1.510,1.000,4.500,4.091,0.409
6,SOFTDRINKS,18927,SOLO 440ML,18927,10000277,24,79.000,3,6,4.750,5.000,14.890,13.537,1.354
6,SOFTDRINKS,20573,SOLO 600ML,20573,2918,24,27.000,1,3,1.510,1.000,4.500,4.091,0.409
6,SOFTDRINKS,4025,SPRITE 375ML,4025,950420,24,59.000,2,11,4.080,3.000,8.400,7.637,0.764
6,SOFTDRINKS,18928,SUNKIST 440ML,18928,10005612,24,44.000,1,20,3.800,4.000,12.100,11.000,1.100
6,SOFTDRINKS,20576,SUNKIST 600ML,20576,2938,24,33.000,1,9,4.530,3.000,13.500,12.273,1.227
7,CHOCOLATE,351118,CAD BAR BOOST 60G,13564,351118,35,8.000,0,8,2.140,2.000,4.950,4.500,0.450
7,CHOCOLATE,387070,CAD BAR BOOST 77G,13512,387070,35,56.000,1,21,11.550,7.000,23.100,21.000,2.100
7,CHOCOLATE,23645,CAD BAR BREAKAWAY 44G,23645,581836,42,84.000,2,0,10.700,10.000,23.400,21.272,2.128
7,CHOCOLATE,414966,CAD BAR CARAMELLO 55G,13568,414966,42,59.000,1,16,11.770,11.000,27.180,24.709,2.472
7,CHOCOLATE,386993,CAD BAR CHERRY RIPE 52G,13569,386993,48,19.000,0,19,11.770,11.000,29.250,26.590,2.660
7,CHOCOLATE,387305,CAD BAR CHERRY RIPE 80G,13515,387305,36,32.000,0,32,13.200,8.000,25.740,23.400,2.340
7,CHOCOLATE,431170,CAD BAR CHOMP 30G,13613,00431170,63,30.000,0,30,8.280,12.000,18.000,16.363,1.637
7,CHOCOLATE,327185,CAD BAR CRUNCHIE 50G,13585,327185,42,61.000,1,18,2.140,2.000,4.950,4.500,0.450
7,CHOCOLATE,342070,CAD BAR CRUNCHIE 80G,13519,342070,24,6.000,0,6,3.300,2.000,6.600,6.000,0.600
7,CHOCOLATE,23025,CAD BAR CURLY WURLY 21.5G,23025,00230765,48,136.000,2,40,2.750,5.000,6.000,5.455,0.546
7,CHOCOLATE,386935,CAD BAR DAIRY MILK 50G,13570,386935,48,2.000,0,2,7.490,7.000,15.750,14.318,1.432
7,CHOCOLATE,071904,CAD BAR DREAM 50G,13571,00071904,42,9.000,0,9,4.280,4.000,9.900,9.000,0.900
7,CHOCOLATE,095518,CAD BAR FLAKE 30G,13586,95518,45,33.000,0,33,2.140,2.000,4.500,4.091,0.409
7,CHOCOLATE,011399,CAD BAR FRUIT NUT 50G,13572,11399,42,75.000,1,33,6.420,6.000,14.850,13.500,1.350
7,CHOCOLATE,386414,CAD BAR FRYS TURK DELT 76G,13520,386414,28,0.000,0,0,9.900,6.000,19.140,17.400,1.740
7,CHOCOLATE,414982,CAD BAR HAZELNUT 55G,13573,414982,42,75.000,1,33,2.140,2.000,4.500,4.091,0.409
7,CHOCOLATE,349116,CAD BAR MC JEL POP CNDY 50G,13575,349116,48,20.000,0,20,6.420,6.000,15.300,13.909,1.391
7,CHOCOLATE,386919,CAD BAR PICNIC 46G,13577,386919,25,31.000,1,6,2.140,2.000,5.400,4.909,0.491
7,CHOCOLATE,387208,CAD BAR PICNIC 67G,13517,387208,25,46.000,1,21,6.600,4.000,13.200,12.000,1.200
7,CHOCOLATE,19415,CAD BLK DAIRY MILK 180G,19415,00463075,16,1.000,0,1,24.220,7.000,45.500,41.364,4.136
7,CHOCOLATE,19358,CAD BLK FRUIT NUT 180G,19358,00462972,14,9.000,0,9,13.840,4.000,26.000,23.636,2.364
7,CHOCOLATE,19417,CAD BLK O/GLD DARK 180G,19417,00469097,16,12.000,0,12,3.460,1.000,6.500,5.909,0.591
7,CHOCOLATE,19411,CAD BLK PKD CRUNCHIE 180G,19411,00462922,14,6.000,0,6,10.380,3.000,18.850,17.136,1.714
7,CHOCOLATE,19363,CAD BLK SNACK 180G,19363,00462529,15,6.000,0,6,13.840,4.000,26.000,23.636,2.364
7,CHOCOLATE,5778,CAD CARAMELLO KOALA 35G,5778,00307185,36,20.000,0,20,3.120,4.000,4.800,4.364,0.436
7,CHOCOLATE,003639,CAD FREDDO D/MILK GNT 35G,13605,3639,36,10.000,0,10,7.020,9.000,13.500,12.273,1.228
7,CHOCOLATE,691089,KINDER BUENO 43G,13539,691089,30,34.000,1,3,13.910,13.000,34.560,31.418,3.143
7,CHOCOLATE,20044,MAR BAR BOUNTY 84G,20044,00926471,21,1.000,0,1,3.420,2.000,6.000,5.455,0.545
7,CHOCOLATE,23050,MAR BAR MARS 47G,23050,00233111,50,104.000,2,4,5.600,4.000,10.530,9.573,0.958
7,CHOCOLATE,23052,MAR BAR MARS 64G,23052,00233137,25,15.000,0,15,3.420,2.000,6.600,6.000,0.600
7,CHOCOLATE,22988,MAR BAR MILKY WAY 22G,22988,233242,40,0.000,0,0,6.110,13.000,15.600,14.182,1.418
7,CHOCOLATE,23919,MAR BAR SNICKERS 44G,23919,583294,50,67.000,1,17,1.400,1.000,2.500,2.273,0.227
7,CHOCOLATE,23920,MAR BAR SNICKERS 64G,23920,578875,25,45.000,1,20,11.970,7.000,22.000,20.000,2.000
7,CHOCOLATE,316663,MAR BAR TWIX 50G,13598,925072,20,9.000,0,9,14.300,10.000,27.000,24.545,2.455
7,CHOCOLATE,10101,MAR M&MS MILK CHOC 180G,10101,00622572,18,63.000,3,9,2.980,1.000,5.800,5.273,0.527
7,CHOCOLATE,10103,MAR M&MS MIX UP 145G,10103,00622425,18,27.000,1,9,2.980,1.000,5.800,5.273,0.527
7,CHOCOLATE,10104,MAR M&MS PEANUT 180G,10104,00622580,16,22.000,1,6,11.920,4.000,23.200,21.091,2.109
7,CHOCOLATE,10105,MAR MALTESERS PCH 140G,10105,00621568,24,45.000,1,21,5.960,2.000,11.600,10.545,1.055
7,CHOCOLATE,10115,MAR PODS MARS 160G,10115,00622695,15,10.000,0,10,11.680,4.000,23.200,21.091,2.109
7,CHOCOLATE,10116,MAR PODS SNICKERS 160G,10116,622742,15,3.000,0,3,2.920,1.000,5.800,5.273,0.527
7,CHOCOLATE,10117,MAR PODS TWIX 160G,10117,620368,15,24.000,1,9,5.840,2.000,11.600,10.545,1.055
7,CHOCOLATE,092845,NES BAR K/KAT 45G,13550,00092845,48,2.000,0,2,16.610,11.000,29.700,27.000,2.700
7,CHOCOLATE,4668,NES BAR K/KAT CHNKY 70G,4668,151092,24,0.000,0,0,21.600,12.000,39.600,36.000,3.600
7,CHOCOLATE,23537,NES BITES C/NUT ROUGH 110G,23537,485959,12,3.000,0,3,3.860,1.000,6.500,5.909,0.591
8,GROCERY,320866,FANTASTIC CUP NDL BEEF 70G,14943,320866,12,8.000,0,8,4.650,3.000,9.000,9.000,0.000
8,GROCERY,458928,GLEN 20 COUNTRY 175G,15091,00458928,12,18.000,1,6,6.180,1.000,7.500,6.818,0.682
8,GROCERY,10164,GO NAT FRUGO BERRY 150G,10164,27959D,8,0.000,0,0,2.980,1.000,4.500,4.091,0.409
9,BISCUITS,308937,ARN CHOC MINT SLICE 200G,13193,00308937,20,3.000,0,3,12.030,3.000,15.600,14.182,1.418
9,BISCUITS,016064,ARN CHOC TIM TAM WHITE 165G,13204,16064,24,5.000,0,5,14.600,4.000,20.800,18.909,1.891
9,BISCUITS,305358,ARN SHAPES CHKN CRIMPY 175G,13234,00305358,24,59.000,2,11,6.900,2.000,8.000,7.273,0.727
9,BISCUITS,305052,ARN SHAPES CHSE BACON 180G,13233,305052,24,36.000,1,12,31.050,9.000,36.000,32.728,3.272
9,BISCUITS,305028,ARN SHAPES ORIG BBQ 175G,13230,00611929,24,7.000,0,7,27.600,8.000,31.600,28.728,2.872
9,BISCUITS,011530,F/TASTIC RCRKR SC/CHV 100G,13331,11530,12,0.000,0,0,1.330,1.000,3.200,2.909,0.291
12,SNACK FOODS,1004,*DEL* ORDER PLU 1003 PIRANHA CHICCA LIME SLT 75G,1004,26713,1,30.000,30,0,2.030,1.000,3.500,3.182,0.318
12,SNACK FOODS,1057,*DEL* ORDER PLU 1056 PIRANHA VEGE CRKR BBQ 100G,1057,26695,1,7.000,7,0,2.160,1.000,3.500,3.182,0.318
12,SNACK FOODS,6704,BLUE DINO BAR LAMINGTON 45G,6704,24755,12,1.000,0,1,2.390,1.000,4.900,4.455,0.446
12,SNACK FOODS,20341,CHEETOS CHSE BACN BALLS 90G,20341,00777050,15,4.000,0,4,1.790,1.000,3.700,3.364,0.336
12,SNACK FOODS,390688,CHEEZELS CHEESE 90G,15492,390688,12,25.000,2,1,9.200,5.000,17.760,16.145,1.615
12,SNACK FOODS,5459,DORITOS C/CHIP MEX 170G,5459,298289,12,26.000,2,1,10.860,3.000,15.000,13.637,1.364
12,SNACK FOODS,5368,DORITOS C/CHIP SUPRM 170G,5368,00298205,12,10.000,0,10,25.340,7.000,35.000,31.819,3.182
12,SNACK FOODS,382232,DORITOS DIP SALSA MED 300G,15435,382232,6,10.000,1,4,2.810,1.000,5.000,5.000,0.000
12,SNACK FOODS,6705,GO NAT BAR ALM CASHEW 45G,6705,27934,16,4.000,0,4,3.220,2.000,5.000,4.545,0.455
12,SNACK FOODS,860280,GO NAT BAR NUT DELIGHT 40G,14814,27930,16,2.000,0,2,14.490,9.000,22.500,20.454,2.046
12,SNACK FOODS,4738,GO NAT BKD MUESLI APR 90G,4738,27880,12,14.000,1,2,2.130,1.000,3.500,3.182,0.318
12,SNACK FOODS,461769,GO NAT SESAME CRISPS 40G,14816,27951,24,0.000,0,0,7.110,9.000,9.000,8.182,0.818
12,SNACK FOODS,20339,GRAINWAVE S/CRM CHIVE 170G,20339,00777107,15,15.000,1,0,12.640,4.000,20.000,18.182,1.818
12,SNACK FOODS,22643,NOBBYS BACON BITES 40G,22643,00778221,12,50.000,4,2,1.930,1.000,3.000,2.727,0.273
12,SNACK FOODS,369797,NOBBYS CASHEWS SLT 50G,14826,369797,24,1.000,0,1,5.620,2.000,9.000,8.182,0.818
12,SNACK FOODS,369802,NOBBYS PEANUTS SLT 50G,14837,369802,24,63.000,2,15,5.320,4.000,10.000,9.091,0.909
12,SNACK FOODS,1000,PIRANHA CHICCA ITALIAN 75G,1000,26710,1,13.000,13,0,4.060,2.000,6.650,6.045,0.605
12,SNACK FOODS,1056,PIRANHA VEGE CRKR FR/ON 100G,1056,26697,1,28.000,28,0,4.320,2.000,7.000,6.364,0.636
12,SNACK FOODS,POP0001,PORKY CRACKLE BACON 25G,5054,00307923,20,0.000,0,0,1.620,1.000,2.500,2.273,0.227
12,SNACK FOODS,15991,PRINGLES BBQ 134G,15991,636602,12,5.000,0,5,4.420,1.000,5.500,5.000,0.500
12,SNACK FOODS,636432,PRINGLES ORIG 134G,6613,636432,12,20.000,1,8,30.940,7.000,37.950,34.500,3.450
12,SNACK FOODS,636458,PRINGLES S/CRM ONION 134G,6614,636458,12,5.000,0,5,13.260,3.000,16.500,15.000,1.500
12,SNACK FOODS,636513,PRINGLES SALT VIN 134G,6615,636513,12,25.000,2,1,4.420,1.000,5.500,5.000,0.500
12,SNACK FOODS,024017,RRD CHIP HNY SOY CHK 165G,15442,00024017,12,9.000,0,9,3.960,1.000,5.000,4.546,0.455
12,SNACK FOODS,842779,RRD CHIP HNY SOY CHK 90G,15495,842779,12,2.000,0,2,13.200,6.000,22.200,20.182,2.018
12,SNACK FOODS,024033,RRD CHIP LIME PEPPER 165G,15443,00024033,12,16.000,1,3,19.800,5.000,25.000,22.728,2.273
12,SNACK FOODS,024025,RRD CHIP S/CHIL S/CRM 165G,15445,00024025,12,1.000,0,1,19.800,5.000,25.000,22.728,2.273
12,SNACK FOODS,842761,RRD CHIP S/CHIL S/CRM 90G,15497,842761,12,36.000,3,0,2.200,1.000,3.700,3.364,0.336
12,SNACK FOODS,842753,RRD CHIP SEA SALT 90G,15499,842753,12,22.000,1,10,4.400,2.000,7.030,6.391,0.639
12,SNACK FOODS,299081,SMITHS CRNKL CHKN 170G,19020,299081,12,0.000,0,0,6.700,2.000,10.000,9.091,0.909
12,SNACK FOODS,842656,SMITHS CRNKL CHKN 90G,15501,842656,18,13.000,0,13,1.850,1.000,3.700,3.364,0.336
12,SNACK FOODS,5371,SMITHS CRNKL CHS ON 170G,5371,00299162,12,5.000,0,5,6.700,2.000,10.000,9.091,0.909
12,SNACK FOODS,5372,SMITHS CRNKL ORIG 170G,5372,298946,12,15.000,1,3,3.350,1.000,5.000,4.546,0.455
12,SNACK FOODS,5373,SMITHS CRNKL SLT VIN 170G,5373,299073,12,28.000,2,4,6.700,2.000,10.000,9.091,0.909
12,SNACK FOODS,842648,SMITHS CRNKL SLT VIN 90G,15504,842648,18,1.000,0,1,11.100,6.000,22.200,20.182,2.018
12,SNACK FOODS,5329,TRUCKIN JERKY CHILLI 35G,5329,12x35GCHILLICSTRIP,12,1.000,0,1,18.000,4.000,26.000,26.000,0.000
12,SNACK FOODS,16597,TRUCKIN JERKY TRAD 100G,16597,20x100GTRUCKTRAD,20,33.000,1,12,30.600,3.000,45.000,45.000,0.000
12,SNACK FOODS,5330,TRUCKIN JERKY TRAD 35G,5330,12X35GTRADCSTRIP,12,13.000,1,0,4.500,1.000,6.500,6.500,0.000
12,SNACK FOODS,20342,TWISTIES CHEESE 90G,20342,00777071,23,1.000,0,1,7.160,4.000,14.800,13.454,1.346
12,SNACK FOODS,842729,TWISTIES CHICKEN 90G,15507,777063,23,27.000,1,4,8.950,5.000,18.500,16.818,1.682
13,MILK ,19985,BOSS BLACK CAN 237ML,19985,6700,12,18.000,1,6,11.920,4.000,20.400,18.546,1.854
13,MILK ,23972,BOSS CRML LATTE 237ML CAN,23972,6703,12,2.000,0,2,2.980,1.000,5.100,4.636,0.464
13,MILK ,19986,BOSS LATTE CAN 237ML,19986,6701,12,37.000,3,1,2.980,1.000,5.100,4.636,0.464
13,MILK ,23248,BOSS VAN LATTE CAN 237ML,23248,6803,12,10.000,0,10,8.940,3.000,15.300,13.909,1.391
13,MILK ,366,BRN CHILL BANANA 600ML,366,3962,1,9.000,9,0,3.640,2.000,8.600,7.818,0.782
13,MILK ,4000,BRN CHILL CHOC 600ML,4000,10538,1,5.000,5,0,12.740,7.000,29.900,27.182,2.718
13,MILK ,899,BRN CHILL COFFEE 600ML,899,31757,1,10.000,10,0,10.920,6.000,25.650,23.318,2.332
13,MILK ,4615,BRN CHILL DBL ESPR 600ML,4615,88378,1,3.000,3,0,29.120,16.000,68.350,62.136,6.214
13,MILK ,18692,BRN CHILL MOCHA 600ML,18692,88797,1,8.000,8,0,10.920,6.000,25.600,23.273,2.327
13,MILK ,24057,BRN H&B AUSTRALIA 600ML,24057,89018,1,-5.000,-5,0,12.680,4.000,22.000,20.000,2.000
13,MILK ,18932,BRN H&B BRAZIL 400ML,18932,88648,1,0.000,0,0,6.340,2.000,10.200,9.273,0.927
13,MILK ,18933,BRN H&B HONDURAS 400ML,18933,88649,1,-2.000,-2,0,6.340,2.000,10.200,9.273,0.927
13,MILK ,23111,DARE DBL ESP NAS  750ML,23111,9200,6,0.000,0,0,10.600,5.000,25.500,23.182,2.318
13,MILK ,23110,DARE DBL ESP NAS 500ML,23110,9199,6,8.000,1,1,9.420,6.000,27.600,25.091,2.509
13,MILK ,3533,DARE DBL ESPRESSO 500ML,3533,8655,6,12.000,2,0,18.840,12.000,55.200,50.182,5.018
13,MILK ,3532,DARE ESPRESSO 500ML,3532,8640,6,13.000,2,0,17.270,11.000,50.600,46.000,4.600
13,MILK ,3534,DARE MOCHA 500ML,3534,8653,6,5.000,0,5,14.130,9.000,41.400,37.636,3.764
13,MILK ,17357,MUSASHI HP CHOC RTD 375ML,17357,61543,6,1.000,0,1,3.230,1.000,5.600,5.091,0.509
13,MILK ,9698,SANIT UP & GO CHOC 500ML,9698,9698,12,3.000,0,3,17.500,5.000,25.500,23.182,2.318
13,MILK ,9700,SANIT UP & GO VAN 500ML,9700,6077,12,8.000,0,8,21.000,6.000,30.600,27.818,2.782
15,PERSONAL CARE,046792,*DEL* S/SILK SPOO BR/SHINE 200ML,15380,00046792,6,7.000,1,1,4.360,1.000,6.000,5.455,0.546
15,PERSONAL CARE,636063,BLISTEX LIP BALM SPF50+ ULT,14645,636063,6,7.000,1,1,14.040,4.000,16.000,16.000,0.000
15,PERSONAL CARE,19326,COLG T/PASTE TOTAL 40G,19326,00030429,24,27.000,1,3,4.770,3.000,7.500,6.818,0.682
15,PERSONAL CARE,029795,GILL BLUE 3 DISP RAZOR 4S,15041,00029795,6,4.000,0,4,3.990,1.000,6.500,5.909,0.591
15,PERSONAL CARE,20318,LIBRA TAMPON REG 16S,20318,00055974,12,55.000,4,6,5.100,1.000,7.500,7.500,0.000
15,PERSONAL CARE,084570,LISTERINE ZERO C/MINT 250ML,13045,84570,6,11.000,1,5,4.520,1.000,8.000,7.273,0.727
15,PERSONAL CARE,20321,LYNX DEOD AFRICA 165ML,20321,00747314,6,1.000,0,1,12.240,2.000,17.800,16.182,1.618
15,PERSONAL CARE,080788,LYNX S/GEL EXCITE 400ML,14678,80788,6,0.000,0,0,4.770,1.000,7.500,6.818,0.682
15,PERSONAL CARE,051695,NAT/ORG B/WASH FRUIT 400ML,15601,00051695,4,1.000,0,1,2.690,1.000,4.200,3.818,0.382
15,PERSONAL CARE,690936,NAT/ORG COND APPLE 500ML,15400,690936,4,11.000,2,3,3.960,2.000,7.000,6.364,0.636
15,PERSONAL CARE,690944,NAT/ORG SPOO APPLE 500ML,15403,690944,4,0.000,0,0,5.940,3.000,10.500,9.545,0.955
15,PERSONAL CARE,308539,PALM RAPID SHAVE SENS 250G,14712,308539,6,2.000,0,2,3.170,1.000,5.000,4.546,0.455
15,PERSONAL CARE,248580,REDBERRY TWEEZER SLANTED,14040,248580,6,4.000,0,4,2.000,1.000,4.600,4.182,0.418
15,PERSONAL CARE,427448,REXONA WMN CLASSIC 250ML,14120,00427448,6,7.000,1,1,4.840,1.000,8.100,7.364,0.736
15,PERSONAL CARE,698861,ZOVIRAX COLD SORE CRM 2G,14618,698861,6,5.000,0,5,14.660,1.000,20.000,18.182,1.818
17,ICE CREAMS,2446,BUBBLE O BILL 82ML,2446,61041551,24,6.000,0,6,2.080,1.000,2.500,2.273,0.227
17,ICE CREAMS,9905,MAGNUM CLASSIC 100ML,9905,32021210,20,8.000,0,8,3.290,1.000,4.400,4.000,0.400
17,ICE CREAMS,9904,MAGNUM HONEYCOMB 100ML,9904,32019415,20,4.000,0,4,3.290,1.000,4.400,4.000,0.400
17,ICE CREAMS,9908,MAGNUM WHITE 100ML,9908,32019416,20,0.000,0,0,3.290,1.000,4.400,4.000,0.400
18,GENERAL MERCHANDISE,10069,DECOR MICROSAFE OBLONG 900ML,10069,2432015,6,50.000,8,2,20.320,4.000,28.000,25.454,2.546
18,GENERAL MERCHANDISE,23986,PRIDE RAINBOW BOOTLACE,23986,1080074,1,44.000,44,0,5.900,2.000,20.000,18.182,1.818
19,PROTEIN,24132,BC NOUR BALL PRO BRY COCO 40G,24132,4347,12,3.000,0,3,2.150,1.000,3.900,3.546,0.355
19,PROTEIN,1106,BOUNCE BALL COCO MAC 40G,1106,25675,12,37.000,3,1,2.070,1.000,3.600,3.273,0.327
19,PROTEIN,1105,BOUNCE BALL PEANUT 40G,1105,25672,12,42.000,3,6,2.070,1.000,4.000,3.636,0.364
19,PROTEIN,23842,GRENADE PRO BAR PNB 60G,23842,24350,12,0.000,0,0,22.190,7.000,38.500,35.000,3.500
19,PROTEIN,17315,LENNY&LARRY CKIE CH/CHIP 113G,17315,28108,12,3.000,0,3,36.000,10.000,55.000,50.000,5.000
19,PROTEIN,18849,LENNY&LARRY CKIE D/CHOC 113G,18849,28107,12,3.000,0,3,18.000,5.000,27.500,25.000,2.500
19,PROTEIN,9681,QUEST BAR WH/CHOC RASP 60G,9681,28234,12,1.000,0,1,19.620,6.000,33.000,30.000,3.000
21,ENTERTAINMENT,19924,WNT 3IN1 CHRG SYNC 1M CABLE,19924,PWT-3in1,1,2.000,2,0,17.490,1.000,30.000,27.273,2.727
21,ENTERTAINMENT,23129,WNT PD WALL CHARGER,23129,PWT-FCAC30W,1,1.000,1,0,23.000,1.000,40.000,36.364,3.636
30,PHARMACY,671796,BEROCCA PERF ORNGE 15S,15901,545474,10,49.000,4,9,10.740,1.000,16.000,16.000,0.000
30,PHARMACY,19630,BETADINE LOZ ANAE HNY 16S,19630,00944937,8,10.000,1,2,21.210,3.000,30.000,30.000,0.000
30,PHARMACY,954673,LEMSIP MAX COLD FLU 10S,13677,954673,6,5.000,0,5,55.300,5.000,82.500,82.500,0.000
30,PHARMACY,19823,NUROFEN QUICKZORB CAPS 12S,19823,00623256,12,2.000,0,2,8.680,2.000,14.400,14.400,0.000
30,PHARMACY,076873,NUROFEN TABLETS 12S,14445,00076873,12,6.000,0,6,8.200,2.000,13.000,13.000,0.000
30,PHARMACY,022243,NUROFEN ZAVANCE LIQ CAPS 20S,14414,22243,12,0.000,0,0,6.640,1.000,11.000,11.000,0.000
30,PHARMACY,480488,NYAL NASAL SPRAY DECON 15ML,13697,480488,6,5.000,0,5,6.740,1.000,13.000,13.000,0.000
30,PHARMACY,3676,STREPSILS PLUS NUMBING 16S,3676,386825,12,15.000,1,3,35.700,6.000,69.000,69.000,0.000
30,PHARMACY,055372,VICKS VAPORUB 50G,13704,00055372,12,20.000,1,8,8.460,1.000,11.000,11.000,0.000
34,SPORT DRINKS,170,*DEL* ORDER PLU 789  GATORADE ORANGE 600ML,170,10000839,12,48.000,4,0,3.600,2.000,10.200,9.273,0.927
34,SPORT DRINKS,20586,G-ACTIVE BERRY 600ML,20586,10005962,12,24.000,2,0,16.200,9.000,45.900,41.728,4.172
34,SPORT DRINKS,22608,GATORADE NS BERRY 600ML,22608,10006899,12,29.000,2,4,10.800,6.000,30.600,27.818,2.782
34,SPORT DRINKS,2350,MAXIMUS BLUE 1L,2350,2246,12,40.000,3,4,12.680,4.000,19.300,17.546,1.754
34,SPORT DRINKS,17957,MAXIMUS GRAPE 1L,17957,2313,12,57.000,4,9,12.680,4.000,19.300,17.546,1.754
34,SPORT DRINKS,23975,MAXIMUS LEMONADE 1L,23975,2298,12,26.000,2,1,15.850,5.000,24.400,22.182,2.218
34,SPORT DRINKS,23976,MAXIMUS PINE/LIME 1L,23976,2297,12,22.000,1,10,19.020,6.000,30.600,27.818,2.782
34,SPORT DRINKS,2346,MAXIMUS RED 1L,2346,2248,12,45.000,3,9,28.530,9.000,39.730,36.119,3.612
34,SPORT DRINKS,885,PWRADE B/CURRANT SIP 600ML,885,956650,12,63.000,5,3,9.240,4.000,17.100,15.546,1.554
34,SPORT DRINKS,253,PWRADE GOLD RUSH SIP 600ML,253,958666,12,69.000,5,9,20.790,9.000,37.100,33.728,3.373
34,SPORT DRINKS,604,PWRADE MNT BLAST SIP 600ML,604,958668,12,20.000,1,8,25.410,11.000,49.500,45.000,4.500
34,SPORT DRINKS,1376,PWRADE ZERO BERRY SIP 600ML,1376,954349,12,9.000,0,9,4.620,2.000,9.100,8.273,0.827
36,CHILLED FOODS,23841,BRN YOGO CHOCOLATE 170G,23841,88490,1,4.000,4,0,1.540,1.000,2.200,2.000,0.200
36,CHILLED FOODS,23839,BRN YOGO VANILLA 170G,23839,88987,1,5.000,5,0,1.540,1.000,2.200,2.000,0.200
37,ENERGY ,19629,*DEL* ORDER PLU 22843 CELLUCOR C4 TROPICAL 473ML,19629,33682,12,0.000,0,0,40.500,10.000,70.000,63.636,6.364
37,ENERGY ,22843,CELLUCOR C4 PURPLE FROST 473ML,22843,33684,12,12.000,1,0,40.500,10.000,71.000,64.545,6.455
37,ENERGY ,22912,CELLUCOR C4 W/MELON 195G,22912,33665B,1,0.000,0,0,34.950,1.000,59.900,54.455,5.446
37,ENERGY ,5681,MONSTER GREEN 500ML,5681,952714,24,82.000,3,9,10.200,5.000,23.000,20.909,2.091
37,ENERGY ,20157,MONSTER MANGO LOCO 500ML,20157,954906,24,74.000,3,2,20.400,10.000,46.000,41.818,4.182
37,ENERGY ,23837,MONSTER ULTRA GOLD 500ML,23837,957816,24,88.000,3,15,24.480,12.000,55.200,50.182,5.018
37,ENERGY ,22603,MONSTER ULTRA ROSA 500ML,22603,957202,24,87.000,3,15,26.520,13.000,59.800,54.363,5.437
37,ENERGY ,20160,MONSTER ULTRA ZERO 500ML,20160,952732,24,10.000,0,10,26.520,13.000,59.800,54.363,5.437
37,ENERGY ,23513,ON AMINO ENERGY +  S/BERRY 355ML,23513,22011,12,15.000,1,3,50.820,14.000,84.000,76.363,7.637
37,ENERGY ,23509,ON AMINO ENERGY + GRAPE 355ML,23509,22010,12,1.000,0,1,32.670,9.000,54.000,49.091,4.910
37,ENERGY ,23515,ON AMINO ENERGY + W/MELON 355ML,23515,22012,12,-12.000,-1,0,21.780,6.000,36.000,32.727,3.273
37,ENERGY ,176,RED BULL 250ML,176,597722,24,196.000,8,3,50.200,20.000,80.000,72.728,7.272
37,ENERGY ,3218,RED BULL 250ML 4PK,3218,761444,6,36.000,6,0,40.120,4.000,52.000,47.273,4.727
37,ENERGY ,5952,RED BULL 355ML,5952,493538,24,161.000,6,16,88.450,29.000,135.830,123.481,12.349
37,ENERGY ,3224,RED BULL 473ML,3224,743713,12,49.000,4,0,66.810,17.000,93.500,85.000,8.500
37,ENERGY ,24488,RED BULL JADE 250ML,24488,167182,12,15.000,1,3,23.040,9.000,36.000,32.728,3.272
37,ENERGY ,RED0002,RED BULL S/FREE 250ML,177,944979,24,45.000,1,21,7.530,3.000,12.000,10.909,1.091
37,ENERGY ,5064,RED BULL S/FREE 473ML,5064,618565,12,64.000,5,3,7.860,2.000,11.000,10.000,1.000
37,ENERGY ,9501,RED BULL TROPICAL 250ML,9501,413520,12,36.000,3,0,10.240,4.000,16.000,14.546,1.454
37,ENERGY ,18777,RED BULL WATERMELON 250ML,18777,809483,12,13.000,1,0,10.240,4.000,16.000,14.546,1.455
37,ENERGY ,3216,RED BULL ZERO 250ML,3216,400077,24,37.000,1,13,67.770,27.000,108.000,98.183,9.817
37,ENERGY ,3226,RED BULL ZERO 473ML,3226,400085,12,53.000,4,5,11.790,3.000,16.500,15.000,1.500
37,ENERGY ,2328,ROCKSTAR ORIGINAL 500ML,2328,1733,12,5.000,0,5,8.340,3.000,13.800,12.545,1.255
37,ENERGY ,5560,ROCKSTAR SILVER ICE 500ML,5560,1719,12,8.000,0,8,2.780,1.000,4.600,4.182,0.418
37,ENERGY ,2306,V BLUE 250ML,2306,1342,24,121.000,5,1,21.600,10.000,40.000,36.364,3.636
37,ENERGY ,2318,V BLUE 500ML,2318,1094,12,-8.000,0,-8,50.400,15.000,60.850,55.319,5.531
37,ENERGY ,2298,V GREEN 250ML,2298,1340,24,148.000,6,4,2.160,1.000,4.000,3.636,0.364
37,ENERGY ,2310,V GREEN 500ML,2310,1099,24,50.000,2,2,63.840,19.000,75.550,68.682,6.868
37,ENERGY ,23974,V R/FRSH LEMON 250ML,23974,1911,24,48.000,2,0,12.960,6.000,24.000,21.818,2.182
37,ENERGY ,18686,V RASP LEMONADE 250ML,18686,1624,24,48.000,2,0,6.480,3.000,12.000,10.909,1.091
37,ENERGY ,19869,V RASP LEMONADE 500ML,19869,1626,12,14.000,1,2,47.040,14.000,62.600,56.910,5.691
37,ENERGY ,2316,V SUGAR FREE 500ML,2316,1086,12,-5.000,0,-5,30.240,9.000,35.000,31.818,3.182
37,ENERGY ,20530,V SUGAR FREE BLUE 500ML,20530,1561,12,38.000,3,1,3.360,1.000,3.670,3.336,0.334
38,WATER,20596,C/RIDGE WATER RASP 750ML,20596,10005951,12,13.000,1,0,1.720,1.000,4.100,3.727,0.373
38,WATER,1565,CORP PUMP LEMON 750ML,1565,951977,20,45.000,2,5,9.600,4.000,18.400,16.727,1.673
38,WATER,23834,MT FRANK SPRK LIME 375ML,23834,956559,20,98.000,4,18,4.080,3.000,9.000,8.182,0.818
38,WATER,23833,MT FRANK SPRK RASP 375ML,23833,956533,20,90.000,4,10,1.360,1.000,3.000,2.727,0.273
38,WATER,1564,PUMP 750ML,1564,951921,20,14.000,0,14,2.210,1.000,4.100,4.100,0.000
38,WATER,1563,PUMP BERRY 750ML,1563,951974,20,16.000,0,16,9.600,4.000,18.400,16.727,1.673
38,WATER,19539,YURRAMA WATER 1.5L,19539,YW1.5x8,8,1173.000,146,5,121.360,148.000,350.160,350.160,0.000
38,WATER,19537,YURRAMA WATER 600ML,19537,WYU600x20,20,1814.000,90,14,2.250,5.000,8.000,8.000,0.000
39,FOOD,20277,CB PIZZA CHICKEN 12INCH (BXD),20277,CBFM-CHICKBA,5,53.000,10,2,6.410,1.000,10.000,9.091,0.909
39,FOOD,20278,CB PIZZA HAWAIIAN 12INCH (BXD),20278,CBFM-Haw,5,47.000,9,2,6.410,1.000,10.000,9.091,0.909
39,FOOD,20280,CB PIZZA MEATLOVERS 12INCH (BXD),20280,AA CB SDX ML,5,85.000,17,0,115.380,18.000,180.000,163.636,16.364
39,FOOD,20283,CB PIZZA SUPREME 12INCH (BXD),20283,CBFM-Sup,5,61.000,12,0,32.050,5.000,50.000,45.455,4.546
39,FOOD,6904,FP AUSSIE BURGER,6904,,1,0.000,0,0,68.200,11.000,110.000,100.000,10.000
39,FOOD,18961,FP CHICKEN SCHNITZEL BURGER,18961,,1,0.000,0,0,107.100,18.000,180.000,163.636,16.364
39,FOOD,6902,FP CHICKEN WINGS + CHIPS,6902,,1,0.000,0,0,116.090,13.000,195.000,177.273,17.727
39,FOOD,18134,FP NORWEST BURGER + CHIPS,18134,,1,0.000,0,0,29.160,6.000,60.000,54.545,5.455
39,FOOD,6903,FP SPICY POPCORN PORK + CHIPS,6903,,1,0.000,0,0,70.110,9.000,90.000,81.818,8.182
39,FOOD,9298,FP STEAK SANDWICH,9298,,1,0.000,0,0,6.280,2.000,20.000,18.182,1.818
39,FOOD,6899,FP WEDGES,6899,,1,0.000,0,0,3.270,1.000,8.500,7.727,0.773
39,FOOD,6898,HOT CHIPS 500G SERVE,6898,,1,0.000,0,0,6.920,2.000,14.000,12.727,1.273
40,CANDY,23197,ALLENS CHEEKIES 190G,23197,00227351,12,21.000,1,9,5.320,2.000,8.500,7.727,0.773
40,CANDY,022183,ALLENS FROGS ALIVE 190G,13803,22183,12,6.000,0,6,7.980,3.000,13.000,11.818,1.182
40,CANDY,017497,ALLENS JELLY BEAN FRT 190G,13806,17497,12,11.000,0,11,5.320,2.000,8.000,7.273,0.727
40,CANDY,5019,ALLENS KILLER PYTHONS 192G,5019,00234811,12,2.000,0,2,5.320,2.000,9.000,8.182,0.818
40,CANDY,018029,ALLENS SNAKES ALIVE 200G,13822,00018029,12,22.000,1,10,5.320,2.000,9.000,8.182,0.818
40,CANDY,021763,ALLENS STRAWB CRM 190G,13823,00021763,12,6.000,0,6,2.660,1.000,4.500,4.091,0.409
40,CANDY,482341,ANTICOL THROATIES 10S,13918,482341,36,60.000,1,24,7.920,6.000,14.000,12.727,1.273
40,CANDY,473538,BUTTER MENTHOL 40G,13919,473538,36,22.000,0,22,3.960,3.000,7.200,6.545,0.655
40,CANDY,20303,D/LEA LIC TWST ORIG 280G,20303,00459301,12,9.000,0,9,3.880,1.000,5.500,5.000,0.500
40,CANDY,16931,HARIBO BEARS SWT SOUR 140G,16931,806901,14,7.000,0,7,8.480,4.000,18.000,16.364,1.636
40,CANDY,16853,HARIBO GOLDBEARS 150G,16853,00806888,14,1.000,0,1,6.360,3.000,13.500,12.273,1.227
40,CANDY,069350,L/SAVER FRT PASTILLES 34G,13945,69350,24,1.000,0,1,1.600,2.000,3.000,2.727,0.273
40,CANDY,638528,MENTOS FRUIT 37.5G,13938,638528,40,7.000,0,7,3.880,4.000,8.000,7.273,0.727
40,CANDY,640494,MENTOS MINT 37.5G,13939,640494,40,52.000,1,12,4.850,5.000,10.000,9.091,0.909
40,CANDY,60783,NAT/CONF FRUITY CHEWS 180G,6021,00060783,12,7.000,0,7,4.640,2.000,9.000,8.182,0.818
40,CANDY,001190,NAT/CONF PARTY MIX 180G,13844,00001190,12,8.000,0,8,2.320,1.000,4.500,4.091,0.409
40,CANDY,002492,NAT/CONF SOUR PATCH 170G,13828,2492,12,4.000,0,4,6.960,3.000,13.500,12.273,1.227
40,CANDY,472540,NAT/CONF SQUIRMS SOUR 180G,13851,472540,12,12.000,1,0,1.940,1.000,4.500,4.091,0.409
40,CANDY,446280,QUICK-EZE CHWY P/MINT 40G,13899,00446280,32,166.000,5,6,9.600,6.000,15.000,13.636,1.364
40,CANDY,19509,WRIG ECLIPSE MNT S/MNT 40G,19509,00440598,12,12.000,1,0,6.330,3.000,10.500,9.545,0.955
40,CANDY,323929,WRIG EXTRA BTL B/MINT 46S,19042,323929,6,0.000,0,0,9.900,3.000,15.000,13.637,1.364
40,CANDY,025725,WRIG EXTRA BTL P/MINT 46S,13958,25725,6,1.000,0,1,9.900,3.000,15.000,13.637,1.364
40,CANDY,025686,WRIG EXTRA BTL S/MINT 46S,13959,25686,6,0.000,0,0,6.600,2.000,10.000,9.091,0.909
40,CANDY,22866,WRIG EXTRA BTL WHT SPR 46S,22866,00178308,6,1.000,0,1,9.900,3.000,15.000,13.637,1.364
40,CANDY,044949,WRIG EXTRA ENV STRWB 27G,13997,044949,24,9.000,0,9,4.560,3.000,7.500,6.818,0.682
40,CANDY,088765,WRIG EXTRA PELLT WHT SNGL,14007,88765,30,21.000,0,21,1.580,2.000,2.660,2.418,0.242
40,CANDY,093320,WRIG JUICY FRT SNGL,14010,093320,30,18.000,0,18,1.440,2.000,2.800,2.546,0.255
41,LIFESTYLE,19661,CORP E&T JUICE CLOUDY APPLE 350ML,19661,,10,25.000,2,5,2.320,1.000,5.100,5.100,0.000
41,LIFESTYLE,19660,CORP E&T JUICE KARMARAMA 350ML,19660,,10,22.000,2,2,4.640,2.000,10.200,10.200,0.000
41,LIFESTYLE,21241,CORP E&T JUICE KICKSTARTER 350ML,21241,88863,10,23.000,2,2,9.280,4.000,20.400,20.400,0.000
41,LIFESTYLE,19659,CORP E&T JUICE ORANGE 350ML,19659,88749,10,23.000,2,2,9.280,4.000,20.400,20.400,0.000
41,LIFESTYLE,LIP0003,LIPTON TEA PEACH 500ML,4032,10006797,12,32.000,2,7,2.960,2.000,8.000,7.273,0.727
41,LIFESTYLE,22887,REM KOMBUCHA APPLE 330ML,22887,00339556,12,0.000,0,0,3.220,1.000,4.500,4.091,0.409
41,LIFESTYLE,22884,REM KOMBUCHA RASP 330ML,22884,00339577,12,13.000,1,0,3.220,1.000,4.500,4.091,0.409
41,LIFESTYLE,6068,RIBENA 500ML,6068,4229,12,50.000,4,2,2.790,1.000,4.600,4.182,0.418
