Group_Number,Group_Description,Inventory_Code,PLU_Number,Description,UnitsPerCase,SupplierStockCode,SOH,Cases,Units,CASESCARTONS,Min_Stock,Max_Stock,OnOrder,DAYSSTOCK,REORDERQTY,ReorderCases,ReorderUnits,REORDERCASESCARTONS,SUMOFQTY_7,SUMOFSALES_7,SUMOFSALESEX_7,SUMOFCOST_7,SUMOFQTY_28,SUMOFSALES_28,SUMOFSALESEX_28,SUMOFCOST_28
1,BEER,3318,3318,CARLTON DRY CAN 375ML,24,271101,344.000,14,8,14/8,0.000,0.000,120.000,18.208,0.000,0,8,-19/8,108.000,399.600,363.270,255.960,529.000,1957.300,1779.350,1253.730
1,BEER,18835,18835,CARLTON ZERO 0% CAN 375ML,24,196330,24.000,1,0,1/0,0.000,0.000,24.000,336.000,0.000,0,0,-2/0,0.000,0.000,0.000,0.000,2.000,6.000,5.455,3.160
1,BEER,9789,9789,COOPERS PALE CAN 375ML,24,861087,48.000,2,0,2/0,0.000,0.000,72.000,17.455,0.000,0,0,-5/0,24.000,88.800,80.727,66.480,77.000,284.900,258.998,213.290
1,BEER,COR0001,1238,CORONA BTL 355ML,24,556072,363.000,15,3,15/3,0.000,0.000,456.000,16.800,0.000,0,3,-34/3,66.000,244.200,221.999,180.840,605.000,2238.500,2034.986,1657.700
1,BEER,EMU0002,1249,EMU EXPORT CAN 375ML,30,509842,465.000,15,15,15/15,0.000,0.000,240.000,15.104,0.000,0,15,-23/15,282.000,902.400,820.365,657.060,862.000,2758.400,2507.640,2008.460
1,BEER,5298,5298,GREAT NTH 3.5% CAN 375ML,30,443973,356.000,11,26,11/26,0.000,0.000,1260.000,14.039,0.000,0,26,-53/26,181.000,579.200,526.547,378.290,710.000,2272.000,2065.459,1483.900
1,BEER,GUI0001,1254,GUINNESS CAN 440ML,24,569588,46.000,1,22,1/22,0.000,0.000,0.000,143.111,0.000,0,22,-1/22,2.000,9.600,8.727,7.460,9.000,43.200,39.273,33.570
1,BEER,1095,1095,HAHN S/DRY 3.5% CAN 375ML,30,638468,257.000,8,16,8/17,0.000,0.000,600.000,19.501,0.000,0,17,-28/17,125.000,400.000,363.637,281.250,369.000,1180.800,1073.458,830.250
1,BEER,1271,1271,HEINEKEN BTL 330ML,24,505149,24.000,1,0,1/0,0.000,0.000,552.000,3.818,0.000,0,0,-24/0,60.000,222.000,201.817,162.600,176.000,651.200,591.996,476.960
1,BEER,JS002,1276,J/SQUIRE 150 LASHES BTL 330ML *RR*,24,052874,188.000,7,19,7/20,0.000,0.000,288.000,22.305,0.000,0,20,-19/20,74.000,288.600,262.367,200.540,236.000,920.400,836.736,639.560
1,BEER,KIL0001,1278,KILKENNY CAN 440ML,24,569481,54.000,2,6,2/6,0.000,0.000,144.000,189.000,0.000,0,6,-8/6,0.000,0.000,0.000,0.000,8.000,34.400,31.273,29.360
1,BEER,1969,1969,L/CREAT ROGERS 3.8% BTL 330ML,24,786143,6.000,0,6,0/6,0.000,0.000,144.000,0.613,0.000,0,6,-6/6,80.000,296.000,269.089,229.600,274.000,1013.800,921.629,786.380
1,BEER,3361,3361,LITTLE CREAT PALE BTL 330ML,24,585725,120.000,5,0,5/0,0.000,0.000,24.000,27.541,0.000,0,0,-6/0,43.000,184.900,168.091,134.590,122.000,524.600,476.909,381.860
1,BEER,5557,5557,MATSOS GINGER 3.5% CAN 330ML,24,641526,77.000,3,5,3/5,0.000,0.000,96.000,22.227,0.000,0,5,-7/5,30.000,129.000,117.273,125.100,97.000,417.100,379.182,404.490
1,BEER,CAR002,1222,PURE BLONDE 3.5% BTL 330ML,24,266753,129.000,5,9,5/9,0.000,0.000,1152.000,30.353,0.000,0,9,-53/9,19.000,64.600,58.727,44.460,119.000,404.600,367.817,278.460
1,BEER,844200,1217,PURE BLONDE BTL 355ML *RR*,24,397321,2.000,0,2,0/2,0.000,0.000,216.000,0.160,0.000,0,2,-9/2,57.000,210.900,191.726,133.950,350.000,1295.000,1177.266,822.500
1,BEER,stein001,1640,STEINLAGER PURE BTL 330ML,24,660135,-1.000,0,1,0/1,0.000,0.000,0.000,-28.000,1.000,0,1,0/1,0.000,0.000,0.000,0.000,1.000,3.700,3.364,3.480
1,BEER,VIC0001,1318,VB CAN 375ML,30,780074,104.000,3,14,3/14,0.000,0.000,990.000,22.400,0.000,0,14,-36/14,32.000,118.400,107.636,69.440,130.000,481.000,437.270,282.100
1,BEER,XXX0001,1325,XXXX GOLD 3.5% CAN 375ML,30,505987,152.000,5,1,5/2,0.000,0.000,0.000,54.564,0.000,0,2,-5/2,6.000,19.200,17.455,12.780,78.000,249.600,226.910,166.140
2,CIDER,9342,9342,REKORD STRWB/LIME 4% BTL 330ML,24,231562,0.000,0,0,0/0,0.000,0.000,0.000,0.000,0.000,0,0,0/0,0.000,0.000,0.000,0.000,8.000,48.000,43.636,34.720
2,CIDER,9304,9304,SOMERSBY PEAR BTL 330ML *RR*,24,565982,89.000,3,17,3/17,0.000,0.000,24.000,33.676,0.000,0,17,-4/17,10.000,47.000,42.727,26.500,74.000,347.800,316.181,196.100
2,CIDER,23563,23563,STRONGBOW DRY BTL 330ML,24,572366,50.000,2,2,2/2,0.000,0.000,72.000,87.500,0.000,0,2,-5/2,4.000,14.800,13.455,8.840,16.000,59.200,53.818,35.360
4,WINES,7109,7109,*DEL* MCGUIGAN SHIRAZ 0% 187ML,24,967304,26.000,1,1,1/2,0.000,0.000,0.000,364.000,0.000,0,2,-1/2,2.000,12.000,10.909,6.060,2.000,12.000,10.909,6.060
4,WINES,16601,16601,ANGOVE L/ROW SHIRAZ 187ML,24,166636,5.000,0,5,0/5,0.000,0.000,0.000,35.000,0.000,0,5,0/5,4.000,20.400,18.546,10.760,4.000,20.400,18.546,10.760
4,WINES,JAC0005,4120,JACOBS CK MERLOT 187ML,24,585458,44.000,1,20,1/20,0.000,0.000,0.000,94.769,0.000,0,20,-1/20,1.000,5.100,4.636,2.760,13.000,66.300,60.273,35.880
4,WINES,6612,6612,JACOBS CK SAUV BLANC 187ML,24,501001,31.000,1,7,1/7,0.000,0.000,24.000,27.125,0.000,0,7,-2/7,14.000,71.400,64.909,38.640,32.000,163.200,148.364,88.320
4,WINES,YEL0010,4124,YELLOWTAIL CHARDONNAY 187ML,24,515717,37.000,1,13,1/13,0.000,0.000,0.000,1036.000,0.000,0,13,-1/13,1.000,5.100,4.636,3.110,1.000,5.100,4.636,3.110
4,WINES,yel0011,4125,YELLOWTAIL PNT GRIGIO 187ML,24,515725,0.000,0,0,0/0,0.000,0.000,24.000,0.000,0.000,0,0,-1/0,0.000,0.000,0.000,0.000,25.000,127.500,115.910,77.750
5,TOBACCO,9022,9022,BIC LIGHTER REGULAR,50,437875,149.000,2,49,2/49,0.000,0.000,100.000,219.579,0.000,0,49,-4/49,2.000,7.000,6.364,2.280,19.000,66.500,60.454,21.660
5,TOBACCO,9310704907231,6333,BOND ST BLUE 20/200,10,270032,36.000,3,6,3/6,0.000,0.000,30.000,16.525,0.000,0,6,-6/6,8.000,330.400,300.364,248.320,61.000,2519.300,2290.275,1893.440
5,TOBACCO,9310704907255,6336,BOND ST GOLD 20/200,10,270095,53.000,5,2,5/3,0.000,0.000,30.000,92.750,0.000,0,3,-8/3,1.000,41.300,37.546,31.040,16.000,660.800,600.728,496.640
5,TOBACCO,9310704907217,6341,BOND ST RED 20/200,10,270040,13.000,1,3,1/3,0.000,0.000,20.000,18.200,0.000,0,3,-3/3,11.000,454.300,413.001,341.440,20.000,826.000,750.910,620.800
5,TOBACCO,9327329010628,6370,CHAMPION RUBY RYO 25/250G,10,407804,13.000,1,3,1/3,0.000,0.000,20.000,33.091,0.000,0,3,-3/3,0.000,0.000,0.000,0.000,11.000,805.200,732.001,628.760
5,TOBACCO,9327329012240,19791,JPS CRUSHBALL BLUE 25/200,8,941188,40.000,5,0,5/0,0.000,0.000,8.000,101.818,0.000,0,0,-6/0,6.000,314.400,285.818,244.080,11.000,576.400,524.000,447.480
5,TOBACCO,9327329012264,19795,JPS CRUSHBALL GOLD 25/200,8,941214,22.000,2,6,2/6,0.000,0.000,8.000,34.222,0.000,0,6,-3/6,10.000,524.000,476.364,406.800,18.000,943.200,857.455,732.240
5,TOBACCO,93229593,9005,LB BLUE 40/160,4,450043,7.000,1,3,1/3,0.000,0.000,4.000,65.333,0.000,0,3,-2/3,1.000,79.900,72.636,62.830,3.000,239.700,217.909,188.490
5,TOBACCO,93229586,9004,LB ORIG YELLOW 40/160,4,450035,5.000,1,1,1/1,0.000,0.000,8.000,14.000,0.000,0,1,-3/1,3.000,239.700,217.909,188.490,10.000,799.000,726.364,628.300
5,TOBACCO,9310704912525,18707,PJ CLASSIC GOLD 30/180,6,895405,17.000,2,5,2/5,0.000,0.000,0.000,68.000,0.000,0,5,-2/5,1.000,63.900,58.091,47.820,7.000,447.300,406.636,334.740
5,TOBACCO,93211147,9008,PJ ORIG BLUE 30/180,6,450394,20.000,3,2,3/2,0.000,0.000,6.000,37.333,0.000,0,2,-4/2,4.000,267.600,243.273,207.600,15.000,1003.500,912.273,778.500
5,TOBACCO,9310797281683,9750,PORT ROYAL RYO R&W 25/125G,5,602629,27.000,5,2,5/2,0.000,0.000,5.000,126.000,0.000,0,2,-6/2,2.000,149.800,136.182,115.320,6.000,449.400,408.545,345.960
5,TOBACCO,17843,17843,RANCH FLT MICRO SLIM 130S,12,485323,27.000,2,3,2/3,0.000,0.000,12.000,252.000,0.000,0,3,-3/3,0.000,0.000,0.000,0.000,3.000,8.700,7.909,4.170
5,TOBACCO,968,968,RANCH FLT SUPA SLIM 130S,12,329983,17.000,1,5,1/5,0.000,0.000,12.000,238.000,0.000,0,5,-2/5,1.000,2.900,2.636,1.390,2.000,5.800,5.273,2.780
5,TOBACCO,9024,9024,RIZLA PAPERS DBL 100PK,25,999979,99.000,3,24,3/24,0.000,0.000,25.000,308.000,0.000,0,24,-4/24,0.000,0.000,0.000,0.000,9.000,22.500,20.454,8.190
5,TOBACCO,9025,9025,TALLY HO PAPERS 50PK,100,081103,400.000,4,0,4/0,0.000,0.000,0.000,1600.000,0.000,0,0,-4/0,2.000,4.000,3.636,1.320,7.000,14.000,12.727,4.620
5,TOBACCO,9310797284905,19744,WF ORIG BLUE 25/200,8,197726,8.000,1,0,1/0,0.000,0.000,64.000,6.588,0.000,0,0,-9/0,7.000,391.300,355.727,297.080,34.000,1900.600,1727.819,1442.960
5,TOBACCO,9310797284929,19746,WF ORIG GOLD 25/200,8,214337,25.000,3,1,3/1,0.000,0.000,40.000,63.636,0.000,0,1,-8/1,3.000,167.700,152.455,127.320,11.000,614.900,559.000,466.840
5,TOBACCO,9310797284882,19506,WF ORIG RED 25/200,8,196851,3.000,0,3,0/3,0.000,0.000,40.000,8.400,0.000,0,3,-5/3,0.000,0.000,0.000,0.000,10.000,559.000,508.182,424.400
5,TOBACCO,9310797281720,9763,WF RYO BLUE 25/125G,5,363123,7.000,1,1,1/2,0.000,0.000,10.000,49.000,0.000,0,2,-3/2,1.000,74.000,67.273,55.320,4.000,296.000,269.091,221.280
5,TOBACCO,9310797281744,9764,WF RYO GOLD 25/125G,5,363115,10.000,2,0,2/0,0.000,0.000,5.000,140.000,0.000,0,0,-3/0,0.000,0.000,0.000,0.000,2.000,148.000,134.545,110.640
6,SOFTDRINKS,20561,20561,*DEL* PEPSI 1.25L,12,2689,14.000,1,2,1/2,0.000,0.000,0.000,98.000,0.000,0,2,-1/2,1.000,5.300,4.818,1.540,4.000,21.200,19.273,6.160
6,SOFTDRINKS,090712,15638,B/BERG GINGER BEER 375ML,24,90712,23.000,0,23,0/23,0.000,0.000,96.000,28.000,0.000,0,23,-4/23,5.000,14.000,12.727,8.200,23.000,64.400,58.546,37.720
6,SOFTDRINKS,428583,15635,B/BERG GINGER BEER 750ML,12,00428583,23.000,1,11,1/11,0.000,0.000,48.000,107.333,0.000,0,11,-5/11,1.000,4.000,3.636,2.750,6.000,24.000,21.818,16.500
6,SOFTDRINKS,5999,5999,B/BERG LEM/LIME BTTRS 375ML,12,00390455,40.000,3,4,3/4,0.000,0.000,72.000,140.000,0.000,0,4,-9/4,6.000,16.800,15.273,9.840,8.000,22.400,20.364,13.120
6,SOFTDRINKS,436,436,COKE 1.25L,12,950062,18.000,1,6,1/6,0.000,0.000,0.000,56.000,0.000,0,6,-1/6,3.000,15.900,14.455,8.430,9.000,47.700,43.364,25.290
6,SOFTDRINKS,4010,4010,COKE 375ML,24,950971,212.000,8,20,8/20,0.000,0.000,344.000,34.512,0.000,0,4,-23/4,46.000,128.800,117.092,62.560,172.000,481.040,437.314,233.920
6,SOFTDRINKS,4011,4011,COKE 600ML,24,955732,161.000,6,16,6/17,0.000,0.000,0.000,88.392,0.000,0,17,-6/17,7.000,30.500,27.727,14.630,51.000,216.500,196.818,106.590
6,SOFTDRINKS,16565,16565,COKE NO SUGAR 1.25L,12,953321,11.000,0,11,0/11,0.000,0.000,0.000,308.000,0.000,0,11,0/11,1.000,5.300,4.818,2.810,1.000,5.300,4.818,2.810
6,SOFTDRINKS,16563,16563,COKE NO SUGAR 375ML,24,953346,308.000,12,20,12/20,0.000,0.000,320.000,98.000,0.000,0,4,-26/4,20.000,56.000,50.910,27.200,88.000,246.120,223.748,119.680
6,SOFTDRINKS,16567,16567,COKE NO SUGAR 600ML,24,953320,121.000,5,1,5/1,0.000,0.000,24.000,31.083,0.000,0,1,-6/1,23.000,93.500,85.000,48.070,109.000,459.500,417.727,227.810
6,SOFTDRINKS,20058,20058,LEVEL LEMONADE ORIG 300ML,6,00871341,36.000,6,0,6/0,0.000,0.000,66.000,168.000,0.000,0,0,-17/0,1.000,4.600,4.182,2.640,6.000,27.600,25.091,15.840
6,SOFTDRINKS,20059,20059,LEVEL LEMONADE PINE 300ML,6,00871375,34.000,5,4,5/4,0.000,0.000,108.000,119.000,0.000,0,4,-23/4,2.000,9.200,8.364,5.280,8.000,36.800,33.454,21.120
6,SOFTDRINKS,7097,7097,LEVEL LEMONADE RASP 300ML,6,318539,36.000,6,0,6/0,0.000,0.000,66.000,336.000,0.000,0,0,-17/0,1.000,4.600,4.182,2.640,3.000,13.800,12.545,7.920
6,SOFTDRINKS,20571,20571,MOUNTAIN DEW 440ML,24,10004814,3.000,0,3,0/3,0.000,0.000,72.000,2.545,0.000,0,3,-3/3,10.000,30.080,27.346,9.500,33.000,99.970,90.883,31.350
6,SOFTDRINKS,20577,20577,MOUNTAIN DEW 600ML,24,10004815,34.000,1,10,1/10,0.000,0.000,0.000,952.000,0.000,0,10,-1/10,0.000,0.000,0.000,0.000,1.000,4.500,4.091,1.510
6,SOFTDRINKS,20568,20568,PEPSI 440ML,24,10005611,80.000,3,8,3/8,0.000,0.000,96.000,70.000,0.000,0,8,-7/8,15.000,44.990,40.900,14.250,32.000,96.090,87.355,30.400
6,SOFTDRINKS,20574,20574,PEPSI 600ML,24,3221,67.000,2,18,2/19,0.000,0.000,0.000,375.200,0.000,0,19,-2/19,1.000,4.500,4.091,1.510,5.000,22.500,20.455,7.550
6,SOFTDRINKS,18926,18926,PEPSI MAX 440ML,24,10002391,101.000,4,4,4/5,0.000,0.000,48.000,148.842,0.000,0,5,-6/5,8.000,24.200,22.000,7.600,19.000,57.500,52.273,18.050
6,SOFTDRINKS,20572,20572,PEPSI MAX 600ML,24,3226,11.000,0,11,0/11,0.000,0.000,48.000,9.059,0.000,0,11,-2/11,3.000,13.500,12.273,4.530,34.000,153.000,139.091,51.340
6,SOFTDRINKS,20575,20575,SCH LEMONADE 600ML,24,2919,51.000,2,3,2/3,0.000,0.000,24.000,204.000,0.000,0,3,-3/3,2.000,9.000,8.182,3.020,7.000,31.500,28.636,10.570
6,SOFTDRINKS,20569,20569,SCH TRAD RASP 440ML,24,10005613,79.000,3,6,3/7,0.000,0.000,168.000,316.000,0.000,0,7,-10/7,3.000,9.100,8.273,2.850,7.000,21.500,19.546,6.650
6,SOFTDRINKS,20578,20578,SCH TRAD RASP 600ML,24,2925,91.000,3,18,3/19,0.000,0.000,0.000,509.600,0.000,0,19,-3/19,2.000,9.000,8.182,3.020,5.000,22.500,20.455,7.550
6,SOFTDRINKS,20560,20560,SOLO 1.25L,12,10003418,10.000,0,10,0/10,0.000,0.000,0.000,140.000,0.000,0,10,0/10,2.000,10.600,9.636,3.120,2.000,10.600,9.636,3.120
6,SOFTDRINKS,18927,18927,SOLO 440ML,24,10000277,79.000,3,6,3/7,0.000,0.000,216.000,138.250,0.000,0,7,-12/7,5.000,15.200,13.818,4.750,16.000,48.390,43.991,15.200
6,SOFTDRINKS,20573,20573,SOLO 600ML,24,2918,27.000,1,3,1/3,0.000,0.000,48.000,63.000,0.000,0,3,-3/3,2.000,9.000,8.182,3.020,12.000,54.000,49.091,18.120
6,SOFTDRINKS,4025,4025,SPRITE 375ML,24,950420,59.000,2,11,2/11,0.000,0.000,0.000,86.947,0.000,0,11,-2/11,2.000,5.600,5.091,2.720,19.000,52.920,48.110,25.840
6,SOFTDRINKS,18928,18928,SUNKIST 440ML,24,10005612,44.000,1,20,1/20,0.000,0.000,192.000,88.000,0.000,0,20,-9/20,4.000,12.000,10.909,3.800,14.000,42.190,38.355,13.300
6,SOFTDRINKS,20576,20576,SUNKIST 600ML,24,2938,33.000,1,9,1/9,0.000,0.000,24.000,184.800,0.000,0,9,-2/9,0.000,0.000,0.000,0.000,5.000,22.500,20.455,7.550
7,CHOCOLATE,23984,23984,ALLENS FANTALES 160G,12,00695054,8.000,0,8,0/8,0.000,0.000,48.000,44.800,0.000,0,8,-4/8,3.000,18.000,16.364,11.370,5.000,30.000,27.273,18.950
7,CHOCOLATE,351118,13564,CAD BAR BOOST 60G,35,351118,8.000,0,8,0/8,0.000,0.000,140.000,8.615,0.000,0,8,-4/8,9.000,21.150,19.227,9.630,26.000,61.650,56.045,27.820
7,CHOCOLATE,387070,13512,CAD BAR BOOST 77G,35,387070,56.000,1,21,1/21,0.000,0.000,35.000,74.667,0.000,0,21,-2/21,2.000,6.600,6.000,3.300,21.000,69.300,63.000,34.650
7,CHOCOLATE,23645,23645,CAD BAR BREAKAWAY 44G,42,581836,84.000,2,0,2/0,0.000,0.000,0.000,75.871,0.000,0,0,-2/0,13.000,31.500,28.636,13.910,31.000,74.250,67.499,33.170
7,CHOCOLATE,414966,13568,CAD BAR CARAMELLO 55G,42,414966,59.000,1,16,1/17,0.000,0.000,168.000,82.600,0.000,0,17,-5/17,6.000,15.300,13.909,6.420,20.000,50.130,45.572,21.400
7,CHOCOLATE,386993,13569,CAD BAR CHERRY RIPE 52G,48,386993,19.000,0,19,0/19,0.000,0.000,240.000,16.121,0.000,0,19,-5/19,8.000,19.350,17.591,8.560,33.000,83.250,75.680,35.310
7,CHOCOLATE,387305,13515,CAD BAR CHERRY RIPE 80G,36,387305,32.000,0,32,0/32,0.000,0.000,36.000,28.000,0.000,0,32,-1/32,3.000,9.900,9.000,4.950,32.000,104.940,95.400,52.800
7,CHOCOLATE,431170,13613,CAD BAR CHOMP 30G,63,00431170,30.000,0,30,0/30,0.000,0.000,441.000,19.535,0.000,0,30,-7/30,14.000,21.000,19.091,9.660,43.000,64.500,58.635,29.670
7,CHOCOLATE,327185,13585,CAD BAR CRUNCHIE 50G,42,327185,61.000,1,18,1/19,0.000,0.000,168.000,155.273,0.000,0,19,-5/19,0.000,0.000,0.000,0.000,11.000,28.800,26.181,11.770
7,CHOCOLATE,342070,13519,CAD BAR CRUNCHIE 80G,24,342070,6.000,0,6,0/6,0.000,0.000,120.000,24.000,0.000,0,6,-5/6,0.000,0.000,0.000,0.000,7.000,22.770,20.700,11.550
7,CHOCOLATE,23025,23025,CAD BAR CURLY WURLY 21.5G,48,00230765,136.000,2,40,2/40,0.000,0.000,96.000,211.556,0.000,0,40,-4/40,4.000,4.800,4.364,2.200,18.000,21.600,19.636,9.900
7,CHOCOLATE,386935,13570,CAD BAR DAIRY MILK 50G,48,386935,2.000,0,2,0/2,0.000,0.000,48.000,3.294,0.000,0,2,-1/2,0.000,0.000,0.000,0.000,17.000,39.600,35.999,18.190
7,CHOCOLATE,071904,13571,CAD BAR DREAM 50G,42,00071904,9.000,0,9,0/9,0.000,0.000,0.000,8.690,0.000,0,9,0/9,8.000,18.900,17.182,8.560,29.000,68.400,62.180,31.030
7,CHOCOLATE,095518,13586,CAD BAR FLAKE 30G,45,95518,33.000,0,33,0/33,0.000,0.000,0.000,92.400,0.000,0,33,0/33,1.000,2.250,2.045,1.070,10.000,24.030,21.845,10.700
7,CHOCOLATE,011399,13572,CAD BAR FRUIT NUT 50G,42,11399,75.000,1,33,1/33,0.000,0.000,168.000,123.529,0.000,0,33,-5/33,1.000,2.700,2.455,1.070,17.000,41.400,37.636,18.190
7,CHOCOLATE,477590,13588,CAD BAR FRYS TURK DELT 55G,32,477590,68.000,2,4,2/4,0.000,0.000,128.000,476.000,0.000,0,4,-6/4,3.000,8.100,7.364,3.210,4.000,10.800,9.818,4.280
7,CHOCOLATE,386414,13520,CAD BAR FRYS TURK DELT 76G,28,386414,0.000,0,0,0/0,0.000,0.000,0.000,0.000,0.000,0,0,0/0,4.000,13.200,12.000,6.600,16.000,52.140,47.400,26.400
7,CHOCOLATE,414982,13573,CAD BAR HAZELNUT 55G,42,414982,75.000,1,33,1/33,0.000,0.000,0.000,190.909,0.000,0,33,-1/33,6.000,15.300,13.909,6.420,11.000,27.450,24.954,11.770
7,CHOCOLATE,349116,13575,CAD BAR MC JEL POP CNDY 50G,48,349116,20.000,0,20,0/20,0.000,0.000,0.000,46.667,0.000,0,20,0/20,0.000,0.000,0.000,0.000,12.000,30.150,27.409,12.840
7,CHOCOLATE,386919,13577,CAD BAR PICNIC 46G,25,386919,31.000,1,6,1/6,0.000,0.000,125.000,78.909,0.000,0,6,-6/6,2.000,4.950,4.500,2.140,11.000,28.350,25.772,11.770
7,CHOCOLATE,387208,13517,CAD BAR PICNIC 67G,25,387208,46.000,1,21,1/21,0.000,0.000,0.000,128.800,0.000,0,21,-1/21,1.000,3.300,3.000,1.650,10.000,33.000,30.000,16.500
7,CHOCOLATE,387274,13518,CAD BAR TWIRL 58G,42,387274,47.000,1,5,1/5,0.000,0.000,0.000,52.640,0.000,0,5,-1/5,9.000,29.700,27.000,14.850,25.000,82.500,75.000,41.250
7,CHOCOLATE,090296,13493,CAD BITE FLAKE 150G,14,00486858,13.000,0,13,0/13,0.000,0.000,0.000,364.000,0.000,0,13,0/13,1.000,5.800,5.273,3.000,1.000,5.800,5.273,3.000
7,CHOCOLATE,24358,24358,CAD BITE TWIRL 140G,14,158065,2.000,0,2,0/2,0.000,0.000,0.000,18.667,0.000,0,2,0/2,1.000,7.500,6.818,3.760,3.000,22.500,20.455,11.280
7,CHOCOLATE,19357,19357,CAD BLK CARAMELLO 180G,15,00462095,4.000,0,4,0/4,0.000,0.000,15.000,10.182,0.000,0,4,-1/4,2.000,13.000,11.818,6.920,11.000,71.500,65.000,38.060
7,CHOCOLATE,19415,19415,CAD BLK DAIRY MILK 180G,16,00463075,1.000,0,1,0/1,0.000,0.000,32.000,1.867,0.000,0,1,-2/1,0.000,0.000,0.000,0.000,15.000,97.500,88.637,51.900
7,CHOCOLATE,19358,19358,CAD BLK FRUIT NUT 180G,14,00462972,9.000,0,9,0/9,0.000,0.000,28.000,19.385,0.000,0,9,-2/9,2.000,13.000,11.818,6.920,13.000,84.500,76.818,44.980
7,CHOCOLATE,19359,19359,CAD BLK HAZELNUT 180G,13,00468148,14.000,1,0,1/1,0.000,0.000,52.000,196.000,0.000,0,1,-5/1,0.000,0.000,0.000,0.000,2.000,13.000,11.818,6.920
7,CHOCOLATE,19417,19417,CAD BLK O/GLD DARK 180G,16,00469097,12.000,0,12,0/12,0.000,0.000,0.000,84.000,0.000,0,12,0/12,0.000,0.000,0.000,0.000,4.000,26.000,23.636,13.840
7,CHOCOLATE,19341,19341,CAD BLK PEPPERMINT 180G,15,00462126,1.000,0,1,0/1,0.000,0.000,0.000,28.000,0.000,0,1,0/1,1.000,6.500,5.909,3.460,1.000,6.500,5.909,3.460
7,CHOCOLATE,19411,19411,CAD BLK PKD CRUNCHIE 180G,14,00462922,6.000,0,6,0/6,0.000,0.000,0.000,9.882,0.000,0,6,0/6,6.000,39.000,35.455,20.760,17.000,109.850,99.864,58.820
7,CHOCOLATE,19363,19363,CAD BLK SNACK 180G,15,00462529,6.000,0,6,0/6,0.000,0.000,30.000,21.000,0.000,0,6,-2/6,2.000,13.000,11.818,6.920,8.000,52.000,47.273,27.680
7,CHOCOLATE,5778,5778,CAD CARAMELLO KOALA 35G,36,00307185,20.000,0,20,0/20,0.000,0.000,288.000,29.474,0.000,0,20,-8/20,4.000,4.800,4.364,3.120,19.000,22.200,20.182,14.820
7,CHOCOLATE,003639,13605,CAD FREDDO D/MILK GNT 35G,36,3639,10.000,0,10,0/10,0.000,0.000,324.000,10.000,0.000,0,10,-9/10,0.000,0.000,0.000,0.000,28.000,41.850,38.045,21.840
7,CHOCOLATE,691089,13539,KINDER BUENO 43G,30,691089,34.000,1,3,1/4,0.000,0.000,570.000,34.000,0.000,0,4,-20/4,6.000,16.200,14.727,6.420,28.000,74.790,67.990,29.960
7,CHOCOLATE,20044,20044,MAR BAR BOUNTY 84G,21,00926471,1.000,0,1,0/1,0.000,0.000,210.000,1.000,0.000,0,1,-10/1,7.000,20.400,18.546,11.970,28.000,81.650,74.228,47.880
7,CHOCOLATE,23050,23050,MAR BAR MARS 47G,50,00233111,104.000,2,4,2/4,0.000,0.000,336.000,416.000,0.000,0,40,-8/40,1.000,2.700,2.455,1.400,7.000,18.630,16.936,9.800
7,CHOCOLATE,23052,23052,MAR BAR MARS 64G,25,00233137,15.000,0,15,0/15,0.000,0.000,0.000,14.000,0.000,0,15,0/15,16.000,50.600,46.000,27.360,30.000,92.950,84.500,51.300
7,CHOCOLATE,22988,22988,MAR BAR MILKY WAY 22G,40,233242,0.000,0,0,0/0,0.000,0.000,0.000,0.000,0.000,0,0,0/0,7.000,8.400,7.636,3.290,37.000,44.400,40.363,17.390
7,CHOCOLATE,23919,23919,MAR BAR SNICKERS 44G,50,583294,67.000,1,17,1/17,0.000,0.000,0.000,117.250,0.000,0,17,-1/17,5.000,12.500,11.364,7.000,16.000,40.000,36.363,22.400
7,CHOCOLATE,23920,23920,MAR BAR SNICKERS 64G,25,578875,45.000,1,20,1/20,0.000,0.000,24.000,45.000,0.000,0,19,-2/19,6.000,19.800,18.000,10.260,28.000,89.650,81.500,47.880
7,CHOCOLATE,316663,13598,MAR BAR TWIX 50G,20,925072,9.000,0,9,0/9,0.000,0.000,120.000,18.000,0.000,0,9,-6/9,0.000,0.000,0.000,0.000,14.000,37.800,34.363,20.020
7,CHOCOLATE,621076,13534,MAR BAR TWIX 72G,20,621076,1.000,0,1,0/1,0.000,0.000,60.000,3.111,0.000,0,1,-3/1,1.000,3.300,3.000,1.710,9.000,29.150,26.500,15.390
7,CHOCOLATE,10101,10101,MAR M&MS MILK CHOC 180G,18,00622572,63.000,3,9,3/9,0.000,0.000,90.000,196.000,0.000,0,9,-8/9,3.000,17.400,15.818,8.940,9.000,52.200,47.454,26.820
7,CHOCOLATE,10103,10103,MAR M&MS MIX UP 145G,18,00622425,27.000,1,9,1/9,0.000,0.000,0.000,75.600,0.000,0,9,-1/9,4.000,23.200,21.091,11.920,10.000,58.000,52.727,29.800
7,CHOCOLATE,10104,10104,MAR M&MS PEANUT 180G,16,00622580,22.000,1,6,1/6,0.000,0.000,64.000,61.600,0.000,0,6,-5/6,2.000,11.600,10.545,5.960,10.000,57.420,52.200,29.800
7,CHOCOLATE,10105,10105,MAR MALTESERS PCH 140G,24,00621568,45.000,1,21,1/21,0.000,0.000,96.000,140.000,0.000,0,21,-5/21,4.000,23.200,21.091,11.920,9.000,52.200,47.454,26.820
7,CHOCOLATE,10115,10115,MAR PODS MARS 160G,15,00622695,10.000,0,10,0/10,0.000,0.000,27.000,25.455,0.000,0,7,-2/7,2.000,11.600,10.545,5.840,11.000,63.220,57.472,32.120
7,CHOCOLATE,10116,10116,MAR PODS SNICKERS 160G,15,622742,3.000,0,3,0/3,0.000,0.000,30.000,8.400,0.000,0,3,-2/3,4.000,23.200,21.091,11.680,10.000,58.000,52.727,29.200
7,CHOCOLATE,10117,10117,MAR PODS TWIX 160G,15,620368,24.000,1,9,1/9,0.000,0.000,0.000,84.000,0.000,0,9,-1/9,2.000,11.600,10.545,5.840,8.000,46.400,42.182,23.360
7,CHOCOLATE,092845,13550,NES BAR K/KAT 45G,48,00092845,2.000,0,2,0/2,0.000,0.000,288.000,2.800,0.000,0,2,-6/2,0.000,0.000,0.000,0.000,20.000,54.000,49.090,30.200
7,CHOCOLATE,964937,13524,NES BAR K/KAT 4FNGR 65G,24,964937,-1.000,0,1,0/1,0.000,0.000,0.000,-28.000,1.000,0,1,0/1,0.000,0.000,0.000,0.000,1.000,3.300,3.000,1.800
7,CHOCOLATE,5465,5465,NES BAR K/KAT CHNKY 50G,36,00150774,1.000,0,1,0/1,0.000,0.000,288.000,0.824,0.000,0,1,-8/1,11.000,29.700,27.000,16.610,34.000,91.800,83.453,51.340
7,CHOCOLATE,4668,4668,NES BAR K/KAT CHNKY 70G,24,151092,0.000,0,0,0/0,0.000,0.000,312.000,0.000,0.000,0,0,-13/0,23.000,72.600,66.000,41.400,50.000,161.700,147.000,90.000
7,CHOCOLATE,328636,13527,NES BAR MILKYBAR 75G,24,328636,14.000,0,14,0/14,0.000,0.000,24.000,39.200,0.000,0,14,-1/14,2.000,6.600,6.000,3.600,10.000,30.800,28.000,18.000
7,CHOCOLATE,371215,13611,NES BAR MINT PATTIES 20G,48,371215,28.000,0,28,0/28,0.000,0.000,0.000,196.000,0.000,0,28,0/28,2.000,2.400,2.182,1.220,4.000,4.800,4.364,2.440
7,CHOCOLATE,23537,23537,NES BITES C/NUT ROUGH 110G,12,485959,3.000,0,3,0/3,0.000,0.000,0.000,42.000,0.000,0,3,0/3,0.000,0.000,0.000,0.000,2.000,13.000,11.818,7.720
8,GROCERY,066585,14525,AEROGARD R/ON TROP 50ML,12,66585,11.000,0,11,0/11,0.000,0.000,0.000,308.000,0.000,0,11,0/11,0.000,0.000,0.000,0.000,1.000,8.400,7.636,7.100
8,GROCERY,065440,14516,AEROGARD TROP 150G,12,00065440,32.000,2,7,2/8,0.000,0.000,24.000,896.000,0.000,0,8,-4/8,0.000,0.000,0.000,0.000,1.000,11.300,10.273,9.110
8,GROCERY,320866,14943,FANTASTIC CUP NDL BEEF 70G,12,320866,8.000,0,8,0/8,0.000,0.000,12.000,44.800,0.000,0,8,-1/8,2.000,6.000,6.000,3.100,5.000,15.000,15.000,7.750
8,GROCERY,458928,15091,GLEN 20 COUNTRY 175G,12,00458928,18.000,1,6,1/6,0.000,0.000,48.000,504.000,0.000,0,6,-5/6,0.000,0.000,0.000,0.000,1.000,7.500,6.818,6.180
8,GROCERY,10164,10164,GO NAT FRUGO BERRY 150G,8,27959D,0.000,0,0,0/0,0.000,0.000,0.000,0.000,0.000,0,0,0/0,0.000,0.000,0.000,0.000,5.000,22.500,20.455,14.900
8,GROCERY,24434,24434,J/WEST TUNA PROT+ CAP&CRK 94G,4,43760,2.000,0,2,0/2,0.000,0.000,0.000,56.000,0.000,0,2,0/2,1.000,4.500,4.091,3.340,1.000,4.500,4.091,3.340
8,GROCERY,4235,4235,MAGIC TREES AIR FRESHNR 15G,24,00012374,13.000,0,13,0/13,0.000,0.000,0.000,182.000,0.000,0,13,0/13,2.000,2.400,2.182,4.040,2.000,2.400,2.182,4.040
8,GROCERY,363487,14595,SURF LIQ TROPICAL 1L,6,303194,7.000,1,1,1/1,0.000,0.000,24.000,39.200,0.000,0,1,-5/1,0.000,0.000,0.000,0.000,5.000,45.000,40.909,24.650
9,BISCUITS,308937,13193,ARN CHOC MINT SLICE 200G,20,00308937,3.000,0,3,0/3,0.000,0.000,80.000,10.500,0.000,0,3,-4/3,2.000,10.400,9.455,8.020,8.000,41.600,37.818,32.080
9,BISCUITS,016064,13204,ARN CHOC TIM TAM WHITE 165G,24,16064,5.000,0,5,0/5,0.000,0.000,24.000,14.000,0.000,0,5,-1/5,2.000,10.400,9.455,7.300,10.000,52.000,47.273,36.500
9,BISCUITS,305358,13234,ARN SHAPES CHKN CRIMPY 175G,24,00305358,59.000,2,11,2/11,0.000,0.000,72.000,413.000,0.000,0,11,-5/11,1.000,4.000,3.636,3.450,4.000,16.000,14.546,13.800
9,BISCUITS,305052,13233,ARN SHAPES CHSE BACON 180G,24,305052,36.000,1,12,1/12,0.000,0.000,144.000,31.500,0.000,0,12,-7/12,4.000,16.000,14.546,13.800,32.000,128.000,116.365,110.400
9,BISCUITS,305028,13230,ARN SHAPES ORIG BBQ 175G,24,00611929,7.000,0,7,0/7,0.000,0.000,120.000,10.889,0.000,0,7,-5/7,3.000,12.000,10.909,10.350,18.000,71.600,65.092,62.100
9,BISCUITS,011530,13331,F/TASTIC RCRKR SC/CHV 100G,12,11530,0.000,0,0,0/0,0.000,0.000,0.000,0.000,0.000,0,0,0/0,0.000,0.000,0.000,0.000,1.000,3.200,2.909,1.330
9,BISCUITS,5648,5648,LEDA CH/CHIP COOKIE G/F 250G,1,26374,2.000,2,0,2/0,0.000,0.000,1.000,56.000,0.000,0,0,-3/0,1.000,5.500,5.000,2.840,1.000,5.500,5.000,2.840
12,SNACK FOODS,708645,15494,*DEL* GRAINWAVE S/CRM CHIVE 90G,15,708645,4.000,0,4,0/4,0.000,0.000,0.000,112.000,0.000,0,4,0/4,0.000,0.000,0.000,0.000,1.000,3.700,3.364,2.280
12,SNACK FOODS,1004,1004,*DEL* ORDER PLU 1003 PIRANHA CHICCA LIME SLT 75G,1,26713,30.000,30,0,30/0,0.000,0.000,0.000,120.000,0.000,0,0,-30/0,2.000,7.000,6.364,4.060,7.000,24.500,22.273,14.210
12,SNACK FOODS,1057,1057,*DEL* ORDER PLU 1056 PIRANHA VEGE CRKR BBQ 100G,1,26695,7.000,7,0,7/0,0.000,0.000,0.000,49.000,0.000,0,0,-7/0,3.000,10.500,9.545,6.480,4.000,14.000,12.727,8.640
12,SNACK FOODS,860311,14810,*DEL* ORDER PLU 14812 GO NAT BAR ALM APR 40G,16,860311,0.000,0,0,0/0,0.000,0.000,0.000,0.000,0.000,0,0,0/0,0.000,0.000,0.000,0.000,6.000,15.000,13.636,10.620
12,SNACK FOODS,6704,6704,BLUE DINO BAR LAMINGTON 45G,12,24755,1.000,0,1,0/1,0.000,0.000,0.000,5.600,0.000,0,1,0/1,0.000,0.000,0.000,0.000,5.000,24.500,22.273,11.950
12,SNACK FOODS,6703,6703,BLUE DINO BAR MAC LEMON 45G,12,24754,1.000,0,1,0/1,0.000,0.000,0.000,4.000,0.000,0,1,0/1,0.000,0.000,0.000,0.000,7.000,34.300,31.182,16.730
12,SNACK FOODS,20340,20340,BURGER RINGS 90G,18,00777042,32.000,1,13,1/14,0.000,0.000,54.000,224.000,0.000,0,14,-4/14,4.000,14.430,13.118,7.280,4.000,14.430,13.118,7.280
12,SNACK FOODS,20341,20341,CHEETOS CHSE BACN BALLS 90G,15,00777050,4.000,0,4,0/4,0.000,0.000,90.000,10.182,0.000,0,4,-6/4,7.000,25.900,23.545,12.530,11.000,39.750,36.136,19.690
12,SNACK FOODS,390688,15492,CHEEZELS CHEESE 90G,12,390688,25.000,2,1,2/1,0.000,0.000,72.000,35.000,0.000,0,1,-8/1,3.000,10.360,9.418,5.520,20.000,72.150,65.590,36.800
12,SNACK FOODS,5459,5459,DORITOS C/CHIP MEX 170G,12,298289,26.000,2,1,2/2,0.000,0.000,48.000,91.000,0.000,0,2,-6/2,0.000,0.000,0.000,0.000,8.000,40.000,36.364,28.960
12,SNACK FOODS,5367,5367,DORITOS C/CHIP NACHO 170G,12,298158,22.000,1,10,1/10,0.000,0.000,48.000,77.000,0.000,0,10,-5/10,2.000,10.000,9.091,7.240,8.000,40.000,36.364,28.960
12,SNACK FOODS,5368,5368,DORITOS C/CHIP SUPRM 170G,12,00298205,10.000,0,10,0/10,0.000,0.000,96.000,14.737,0.000,0,10,-8/10,6.000,30.000,27.273,21.720,19.000,95.000,86.365,68.780
12,SNACK FOODS,382232,15435,DORITOS DIP SALSA MED 300G,6,382232,10.000,1,4,1/4,0.000,0.000,12.000,93.333,0.000,0,4,-3/4,1.000,5.000,5.000,2.810,3.000,15.000,15.000,8.430
12,SNACK FOODS,6705,6705,GO NAT BAR ALM CASHEW 45G,16,27934,4.000,0,4,0/4,0.000,0.000,0.000,10.182,0.000,0,4,0/4,0.000,0.000,0.000,0.000,11.000,27.500,25.000,17.710
12,SNACK FOODS,860280,14814,GO NAT BAR NUT DELIGHT 40G,16,27930,2.000,0,2,0/2,0.000,0.000,0.000,4.667,0.000,0,2,0/2,0.000,0.000,0.000,0.000,12.000,30.000,27.273,19.320
12,SNACK FOODS,4221,4221,GO NAT BAR YGT FRT NUT 50G,16,27938,2.000,0,2,0/2,0.000,0.000,32.000,4.000,0.000,0,2,-2/2,0.000,0.000,0.000,0.000,14.000,35.000,31.818,22.540
12,SNACK FOODS,4738,4738,GO NAT BKD MUESLI APR 90G,12,27880,14.000,1,2,1/2,0.000,0.000,24.000,130.667,0.000,0,2,-3/2,0.000,0.000,0.000,0.000,3.000,10.500,9.545,6.390
12,SNACK FOODS,4739,4739,GO NAT BKD MUESLI APR YOG 90G,12,27882,8.000,0,8,0/8,0.000,0.000,48.000,74.667,0.000,0,8,-4/8,0.000,0.000,0.000,0.000,3.000,0.000,0.000,6.390
12,SNACK FOODS,461769,14816,GO NAT SESAME CRISPS 40G,24,27951,0.000,0,0,0/0,0.000,0.000,24.000,0.000,0.000,0,0,-1/0,0.000,0.000,0.000,0.000,20.000,20.000,18.182,16.600
12,SNACK FOODS,20339,20339,GRAINWAVE S/CRM CHIVE 170G,15,00777107,15.000,1,0,1/0,0.000,0.000,30.000,26.250,0.000,0,0,-3/0,0.000,0.000,0.000,0.000,16.000,80.000,72.728,50.560
12,SNACK FOODS,22643,22643,NOBBYS BACON BITES 40G,12,00778221,50.000,4,2,4/2,0.000,0.000,0.000,175.000,0.000,0,2,-4/2,1.000,3.000,2.727,1.930,8.000,24.000,21.818,15.440
12,SNACK FOODS,088650,14824,NOBBYS BEER NUTS SLT 375G,12,88650,6.000,0,6,0/6,0.000,0.000,24.000,42.000,0.000,0,6,-2/6,0.000,0.000,0.000,0.000,4.000,19.500,17.728,15.040
12,SNACK FOODS,369797,14826,NOBBYS CASHEWS SLT 50G,24,369797,1.000,0,1,0/1,0.000,0.000,72.000,4.667,0.000,0,1,-3/1,0.000,0.000,0.000,0.000,6.000,27.000,24.545,16.860
12,SNACK FOODS,369802,14837,NOBBYS PEANUTS SLT 50G,24,369802,63.000,2,15,2/15,0.000,0.000,144.000,63.000,0.000,0,15,-8/15,3.000,7.500,6.818,3.990,28.000,69.750,63.409,37.240
12,SNACK FOODS,1003,1003,PIRANHA CHICCA CRM CHS 75G,1,26707,5.000,5,0,5/0,0.000,0.000,0.000,70.000,0.000,0,0,-5/0,0.000,0.000,0.000,0.000,2.000,7.000,6.364,4.060
12,SNACK FOODS,1000,1000,PIRANHA CHICCA ITALIAN 75G,1,26710,13.000,13,0,13/0,0.000,0.000,0.000,52.000,0.000,0,0,-13/0,3.000,10.500,9.545,6.090,7.000,24.150,21.954,14.210
12,SNACK FOODS,1056,1056,PIRANHA VEGE CRKR FR/ON 100G,1,26697,28.000,28,0,28/0,0.000,0.000,0.000,196.000,0.000,0,0,-28/0,1.000,3.500,3.182,2.160,4.000,14.000,12.727,8.640
12,SNACK FOODS,POP0001,5054,PORKY CRACKLE BACON 25G,20,00307923,0.000,0,0,0/0,0.000,0.000,0.000,0.000,0.000,0,0,0/0,0.000,0.000,0.000,0.000,4.000,9.500,8.636,6.480
12,SNACK FOODS,15991,15991,PRINGLES BBQ 134G,12,636602,5.000,0,5,0/5,0.000,0.000,24.000,14.000,0.000,0,5,-2/5,0.000,0.000,0.000,0.000,10.000,55.000,50.000,44.200
12,SNACK FOODS,636432,6613,PRINGLES ORIG 134G,12,636432,20.000,1,8,1/8,0.000,0.000,84.000,43.077,0.000,0,8,-8/8,0.000,0.000,0.000,0.000,13.000,70.400,64.000,57.460
12,SNACK FOODS,636458,6614,PRINGLES S/CRM ONION 134G,12,636458,5.000,0,5,0/5,0.000,0.000,96.000,7.778,0.000,0,5,-8/5,5.000,27.500,25.000,22.100,18.000,99.000,90.000,79.560
12,SNACK FOODS,636513,6615,PRINGLES SALT VIN 134G,12,636513,25.000,2,1,2/1,0.000,0.000,72.000,116.667,0.000,0,1,-8/1,2.000,11.000,10.000,8.840,6.000,33.000,30.000,26.520
12,SNACK FOODS,024017,15442,RRD CHIP HNY SOY CHK 165G,12,00024017,9.000,0,9,0/9,0.000,0.000,120.000,31.500,0.000,0,9,-10/9,6.000,30.000,27.273,23.760,8.000,40.000,36.364,31.680
12,SNACK FOODS,842779,15495,RRD CHIP HNY SOY CHK 90G,12,842779,2.000,0,2,0/2,0.000,0.000,96.000,3.500,0.000,0,2,-8/2,4.000,14.800,13.454,8.800,16.000,58.830,53.481,35.200
12,SNACK FOODS,024033,15443,RRD CHIP LIME PEPPER 165G,12,00024033,16.000,1,3,1/4,0.000,0.000,24.000,49.778,0.000,0,4,-3/4,1.000,5.000,4.546,3.960,9.000,45.000,40.910,35.640
12,SNACK FOODS,024025,15445,RRD CHIP S/CHIL S/CRM 165G,12,00024025,1.000,0,1,0/1,0.000,0.000,120.000,2.545,0.000,0,1,-10/1,0.000,0.000,0.000,0.000,11.000,55.000,50.001,43.560
12,SNACK FOODS,842761,15497,RRD CHIP S/CHIL S/CRM 90G,12,842761,36.000,3,0,3/0,0.000,0.000,12.000,91.636,0.000,0,0,-4/0,2.000,7.400,6.727,4.400,11.000,40.700,37.000,24.200
12,SNACK FOODS,024020,15447,RRD CHIP SALT B/VIN 165G,12,024020,18.000,1,6,1/6,0.000,0.000,24.000,56.000,0.000,0,6,-3/6,5.000,25.000,22.728,19.800,9.000,45.000,40.910,35.640
12,SNACK FOODS,023786,15448,RRD CHIP SEA SALT 165G,12,00023786,22.000,1,10,1/10,0.000,0.000,24.000,77.000,0.000,0,10,-3/10,0.000,0.000,0.000,0.000,8.000,40.000,36.364,31.680
12,SNACK FOODS,842753,15499,RRD CHIP SEA SALT 90G,12,842753,22.000,1,10,1/10,0.000,0.000,48.000,154.000,0.000,0,10,-5/10,2.000,7.400,6.727,4.400,4.000,14.430,13.118,8.800
12,SNACK FOODS,5370,5370,SMITHS CRNKL BBQ 170G,12,00299138,10.400,0,10,0/10.4,0.000,0.000,36.000,145.600,0.000,0,10.4,-3/10.4,0.000,0.000,0.000,0.000,2.000,10.000,9.091,6.700
12,SNACK FOODS,299081,19020,SMITHS CRNKL CHKN 170G,12,299081,0.000,0,0,0/0,0.000,0.000,12.000,0.000,0.000,0,0,-1/0,2.000,10.000,9.091,6.700,7.000,35.000,31.819,23.450
12,SNACK FOODS,842656,15501,SMITHS CRNKL CHKN 90G,18,842656,13.000,0,13,0/13,0.000,0.000,108.000,45.500,0.000,0,13,-6/13,2.000,7.400,6.727,3.700,8.000,29.600,26.909,14.800
12,SNACK FOODS,5371,5371,SMITHS CRNKL CHS ON 170G,12,00299162,5.000,0,5,0/5,0.000,0.000,36.000,11.667,0.000,0,5,-3/5,1.000,5.000,4.546,3.350,12.000,60.000,54.546,40.200
12,SNACK FOODS,842664,15502,SMITHS CRNKL CHS ON 90G,18,842664,33.000,1,14,1/15,0.000,0.000,126.000,308.000,0.000,0,15,-8/15,3.000,11.100,10.091,5.550,3.000,11.100,10.091,5.550
12,SNACK FOODS,5372,5372,SMITHS CRNKL ORIG 170G,12,298946,15.000,1,3,1/3,0.000,0.000,24.000,70.000,0.000,0,3,-3/3,0.000,0.000,0.000,0.000,6.000,30.000,27.273,20.100
12,SNACK FOODS,842630,15503,SMITHS CRNKL ORIG 90G,18,842630,11.000,0,11,0/11,0.000,0.000,90.000,77.000,0.000,0,11,-5/11,3.000,11.100,10.091,5.550,4.000,14.800,13.454,7.400
12,SNACK FOODS,5373,5373,SMITHS CRNKL SLT VIN 170G,12,299073,28.000,2,4,2/4,0.000,0.000,72.000,56.000,0.000,0,4,-8/4,5.000,25.000,22.728,16.750,14.000,70.000,63.637,46.900
12,SNACK FOODS,842648,15504,SMITHS CRNKL SLT VIN 90G,18,842648,1.000,0,1,0/1,0.000,0.000,126.000,1.647,0.000,0,1,-7/1,6.000,22.200,20.182,11.100,17.000,62.530,56.845,31.450
12,SNACK FOODS,16596,16596,TRUCKIN JERKY CHILLI 100G,20,20x100GTRUCKC,7.000,0,7,0/7,0.000,0.000,0.000,28.000,0.000,0,7,0/7,1.000,15.000,15.000,10.200,7.000,105.000,105.000,71.400
12,SNACK FOODS,5329,5329,TRUCKIN JERKY CHILLI 35G,12,12x35GCHILLICSTRIP,1.000,0,1,0/1,0.000,0.000,0.000,2.800,0.000,0,1,0/1,0.000,0.000,0.000,0.000,10.000,65.000,65.000,45.000
12,SNACK FOODS,16598,16598,TRUCKIN JERKY SMOKED 100G,20,20x100GTRUCKS,25.000,1,5,1/5,0.000,0.000,0.000,233.333,0.000,0,5,-1/5,0.000,0.000,0.000,0.000,3.000,45.000,45.000,30.600
12,SNACK FOODS,5949,5949,TRUCKIN JERKY SMOKEY 35G,12,12X35GSMOKEYCSTRIP,12.000,1,0,1/0,0.000,0.000,0.000,84.000,0.000,0,0,-1/0,1.000,6.500,6.500,4.500,4.000,26.000,26.000,18.000
12,SNACK FOODS,16597,16597,TRUCKIN JERKY TRAD 100G,20,20x100GTRUCKTRAD,33.000,1,12,1/13,0.000,0.000,8.000,154.000,0.000,0,1,-2/1,0.000,0.000,0.000,0.000,6.000,90.000,90.000,61.200
12,SNACK FOODS,5330,5330,TRUCKIN JERKY TRAD 35G,12,12X35GTRADCSTRIP,13.000,1,0,1/1,0.000,0.000,20.000,60.667,0.000,0,9,-2/9,3.000,19.500,19.500,13.500,6.000,36.000,36.000,27.000
12,SNACK FOODS,20342,20342,TWISTIES CHEESE 90G,23,00777071,1.000,0,1,0/1,0.000,0.000,115.000,1.474,0.000,0,1,-5/1,6.000,20.300,18.454,10.740,19.000,67.450,61.318,34.010
12,SNACK FOODS,842729,15507,TWISTIES CHICKEN 90G,23,777063,27.000,1,4,1/4,0.000,0.000,138.000,50.400,0.000,0,4,-7/4,4.000,14.800,13.454,7.160,15.000,55.500,50.454,26.850
15,PERSONAL CARE,046792,15380,*DEL* S/SILK SPOO BR/SHINE 200ML,6,00046792,7.000,1,1,1/1,0.000,0.000,6.000,196.000,0.000,0,1,-2/1,0.000,0.000,0.000,0.000,1.000,6.000,5.455,4.360
15,PERSONAL CARE,636063,14645,BLISTEX LIP BALM SPF50+ ULT,6,636063,7.000,1,1,1/1,0.000,0.000,36.000,19.600,0.000,0,1,-7/1,0.000,0.000,0.000,0.000,10.000,40.000,40.000,35.100
15,PERSONAL CARE,23937,23937,COLG T/BRUSH B/BOO CHRC 2PK,6,217584,5.000,0,5,0/5,0.000,0.000,0.000,140.000,0.000,0,5,0/5,0.000,0.000,0.000,0.000,1.000,9.900,9.000,8.280
15,PERSONAL CARE,19326,19326,COLG T/PASTE TOTAL 40G,24,00030429,27.000,1,3,1/3,0.000,0.000,0.000,126.000,0.000,0,3,-1/3,1.000,2.500,2.273,1.590,6.000,15.000,13.636,9.540
15,PERSONAL CARE,479055,14052,DOVE DEOD ROLL ON 50ML,6,479055,5.000,0,5,0/5,0.000,0.000,0.000,140.000,0.000,0,5,0/5,0.000,0.000,0.000,0.000,1.000,6.000,5.455,3.410
15,PERSONAL CARE,029795,15041,GILL BLUE 3 DISP RAZOR 4S,6,00029795,4.000,0,4,0/4,0.000,0.000,36.000,37.333,0.000,0,4,-6/4,1.000,6.500,5.909,3.990,3.000,19.500,17.727,11.970
15,PERSONAL CARE,360963,14706,GILL SHAVE FOAM SENS 250G,6,360963,6.000,1,0,1/0,0.000,0.000,6.000,168.000,0.000,0,0,-2/0,1.000,6.700,6.091,3.740,1.000,6.700,6.091,3.740
15,PERSONAL CARE,20318,20318,LIBRA TAMPON REG 16S,12,00055974,55.000,4,6,4/7,0.000,0.000,24.000,1540.000,0.000,0,7,-6/7,0.000,0.000,0.000,0.000,1.000,7.500,7.500,5.100
15,PERSONAL CARE,084570,13045,LISTERINE ZERO C/MINT 250ML,6,84570,11.000,1,5,1/5,0.000,0.000,18.000,77.000,0.000,0,5,-4/5,1.000,8.000,7.273,4.520,4.000,31.200,28.364,18.080
15,PERSONAL CARE,371309,13030,LUCAS PAW PAW OINT 25G,6,371309,10.000,1,4,1/4,0.000,0.000,30.000,140.000,0.000,0,4,-6/4,2.000,17.860,16.237,12.960,2.000,17.860,16.237,12.960
15,PERSONAL CARE,20321,20321,LYNX DEOD AFRICA 165ML,6,00747314,1.000,0,1,0/1,0.000,0.000,60.000,5.600,0.000,0,1,-10/1,1.000,8.900,8.091,6.120,5.000,44.500,40.455,30.600
15,PERSONAL CARE,20325,20325,LYNX DEOD VOODOO 165ML,6,00747288,11.000,1,5,1/5,0.000,0.000,60.000,308.000,0.000,0,5,-11/5,0.000,0.000,0.000,0.000,1.000,8.900,8.091,6.120
15,PERSONAL CARE,080788,14678,LYNX S/GEL EXCITE 400ML,6,80788,0.000,0,0,0/0,0.000,0.000,6.000,0.000,0.000,0,0,-1/0,0.000,0.000,0.000,0.000,1.000,7.500,6.818,4.770
15,PERSONAL CARE,051695,15601,NAT/ORG B/WASH FRUIT 400ML,4,00051695,1.000,0,1,0/1,0.000,0.000,4.000,14.000,0.000,0,1,-1/1,1.000,4.200,3.818,2.690,2.000,8.400,7.636,5.380
15,PERSONAL CARE,690936,15400,NAT/ORG COND APPLE 500ML,4,690936,11.000,2,3,2/3,0.000,0.000,0.000,154.000,0.000,0,3,-2/3,0.000,0.000,0.000,0.000,2.000,7.000,6.364,3.960
15,PERSONAL CARE,690944,15403,NAT/ORG SPOO APPLE 500ML,4,690944,0.000,0,0,0/0,0.000,0.000,4.000,0.000,0.000,0,0,-1/0,0.000,0.000,0.000,0.000,4.000,14.000,12.727,7.920
15,PERSONAL CARE,488711,15789,ORAL B FLOSS MINT WAXED 50M,6,488711,12.000,2,0,2/0,0.000,0.000,24.000,336.000,0.000,0,0,-6/0,0.000,0.000,0.000,0.000,1.000,4.000,3.636,3.680
15,PERSONAL CARE,308539,14712,PALM RAPID SHAVE SENS 250G,6,308539,2.000,0,2,0/2,0.000,0.000,6.000,56.000,0.000,0,2,-1/2,0.000,0.000,0.000,0.000,1.000,5.000,4.546,3.170
15,PERSONAL CARE,248035,14039,REDBERRY NAIL CLIPPERS LGE,6,248035,0.000,0,0,0/0,0.000,0.000,6.000,0.000,0.000,0,0,-1/0,0.000,0.000,0.000,0.000,1.000,4.500,4.091,3.090
15,PERSONAL CARE,248580,14040,REDBERRY TWEEZER SLANTED,6,248580,4.000,0,4,0/4,0.000,0.000,0.000,112.000,0.000,0,4,0/4,0.000,0.000,0.000,0.000,1.000,4.600,4.182,2.000
15,PERSONAL CARE,427448,14120,REXONA WMN CLASSIC 250ML,6,00427448,7.000,1,1,1/1,0.000,0.000,6.000,196.000,0.000,0,1,-2/1,0.000,0.000,0.000,0.000,1.000,8.100,7.364,4.840
15,PERSONAL CARE,19603,19603,SWISSPERS COTTON TIP 120S,12,00616437,0.000,0,0,0/0,0.000,0.000,0.000,0.000,0.000,0,0,0/0,1.000,4.000,3.636,2.200,4.000,15.600,14.182,8.800
15,PERSONAL CARE,698861,14618,ZOVIRAX COLD SORE CRM 2G,6,698861,5.000,0,5,0/5,0.000,0.000,30.000,140.000,0.000,0,5,-5/5,0.000,0.000,0.000,0.000,1.000,20.000,18.182,14.660
17,ICE CREAMS,2446,2446,BUBBLE O BILL 82ML,24,61041551,6.000,0,6,0/6,0.000,0.000,0.000,84.000,0.000,0,6,0/6,1.000,2.500,2.273,2.080,2.000,5.000,4.545,4.160
17,ICE CREAMS,2450,2450,CALIPPO RASP PINE 100ML,32,63900236,14.000,0,14,0/14,0.000,0.000,64.000,392.000,0.000,0,14,-2/14,1.000,2.200,2.000,1.840,1.000,2.200,2.000,1.840
17,ICE CREAMS,9692,9692,CORNETTO CHOC 120ML,24,68854838,18.000,0,18,0/18,0.000,0.000,0.000,252.000,0.000,0,18,0/18,0.000,0.000,0.000,0.000,2.000,8.000,7.273,5.840
17,ICE CREAMS,2420,2420,GOLDEN GAYTIME 105ML,20,61040654,31.000,1,11,1/11,0.000,0.000,0.000,868.000,0.000,0,11,-1/11,0.000,0.000,0.000,0.000,1.000,4.000,3.636,2.840
17,ICE CREAMS,9905,9905,MAGNUM CLASSIC 100ML,20,32021210,8.000,0,8,0/8,0.000,0.000,40.000,74.667,0.000,0,8,-2/8,0.000,0.000,0.000,0.000,3.000,12.760,11.600,9.870
17,ICE CREAMS,9904,9904,MAGNUM HONEYCOMB 100ML,20,32019415,4.000,0,4,0/4,0.000,0.000,0.000,10.182,0.000,0,4,0/4,4.000,17.600,16.000,13.160,11.000,48.400,44.000,36.190
17,ICE CREAMS,9908,9908,MAGNUM WHITE 100ML,20,32019416,0.000,0,0,0/0,0.000,0.000,80.000,0.000,0.000,0,0,-4/0,0.000,0.000,0.000,0.000,7.000,30.800,28.000,23.030
17,ICE CREAMS,2454,2454,SPLICE PINE LIME 57ML,32,68409365,53.000,1,21,1/21,0.000,0.000,0.000,1484.000,0.000,0,21,-1/21,1.000,2.500,2.273,2.010,1.000,2.500,2.273,2.010
19,PROTEIN,24132,24132,BC NOUR BALL PRO BRY COCO 40G,12,4347,3.000,0,3,0/3,0.000,0.000,0.000,21.000,0.000,0,3,0/3,3.000,11.700,10.637,6.450,4.000,15.600,14.182,8.600
19,PROTEIN,24133,24133,BC NOUR BALL PRO CHOC HZL 40G,12,997252,17.000,1,5,1/5,0.000,0.000,0.000,238.000,0.000,0,5,-1/5,2.000,7.800,7.091,4.300,2.000,7.800,7.091,4.300
19,PROTEIN,24135,24135,BC NOUR BALL PRO PMNT C/CH 40G,12,997639,1.000,0,1,0/1,0.000,0.000,0.000,28.000,0.000,0,1,0/1,0.000,0.000,0.000,0.000,1.000,3.900,3.546,2.150
19,PROTEIN,1106,1106,BOUNCE BALL COCO MAC 40G,12,25675,37.000,3,1,3/1,0.000,0.000,0.000,207.200,0.000,0,1,-3/1,3.000,10.800,9.818,6.210,5.000,18.400,16.728,10.350
19,PROTEIN,1105,1105,BOUNCE BALL PEANUT 40G,12,25672,42.000,3,6,3/6,0.000,0.000,0.000,1176.000,0.000,0,6,-3/6,0.000,0.000,0.000,0.000,1.000,4.000,3.636,2.070
19,PROTEIN,17869,17869,BSC PRO BAR RCKY RD 60G,12,21960,1.000,0,1,0/1,0.000,0.000,12.000,2.800,0.000,0,1,-1/1,0.000,0.000,0.000,0.000,10.000,50.000,45.455,36.300
19,PROTEIN,23843,23843,GRENADE PRO BAR CRML CHAOS 60G,12,24351,3.000,0,3,0/3,0.000,0.000,0.000,4.421,0.000,0,3,0/3,10.000,55.000,50.000,31.700,19.000,104.500,95.000,60.230
19,PROTEIN,23842,23842,GRENADE PRO BAR PNB 60G,12,24350,0.000,0,0,0/0,0.000,0.000,0.000,0.000,0.000,0,0,0/0,0.000,0.000,0.000,0.000,12.000,66.000,60.000,38.040
19,PROTEIN,17315,17315,LENNY&LARRY CKIE CH/CHIP 113G,12,28108,3.000,0,3,0/3,0.000,0.000,48.000,4.421,0.000,0,3,-4/3,0.000,0.000,0.000,0.000,19.000,104.500,95.000,68.400
19,PROTEIN,18849,18849,LENNY&LARRY CKIE D/CHOC 113G,12,28107,3.000,0,3,0/3,0.000,0.000,0.000,4.000,0.000,0,3,0/3,0.000,0.000,0.000,0.000,21.000,115.500,105.000,75.600
19,PROTEIN,17312,17312,LENNY&LARRY CKIE PNB 113G,12,28102,2.000,0,2,0/2,0.000,0.000,48.000,5.091,0.000,0,2,-4/2,4.000,22.000,20.000,14.400,11.000,60.500,55.000,39.600
19,PROTEIN,17313,17313,LENNY&LARRY CKIE SNICKR 113G,12,28104,3.000,0,3,0/3,0.000,0.000,36.000,21.000,0.000,0,3,-3/3,0.000,0.000,0.000,0.000,4.000,22.000,20.000,14.400
19,PROTEIN,9681,9681,QUEST BAR WH/CHOC RASP 60G,12,28234,1.000,0,1,0/1,0.000,0.000,0.000,2.800,0.000,0,1,0/1,0.000,0.000,0.000,0.000,10.000,55.000,50.000,32.700
20,TELECOMMUNICATIONS,6210,6210,TELSTRA ESSNT SMRT 2.1 4GX,1,TE003,0.000,0,0,0/0,0.000,0.000,0.000,0.000,0.000,0,0,0/0,1.000,79.000,71.818,57.450,1.000,79.000,71.818,57.450
21,ENTERTAINMENT,23140,23140,FUSE AIRBUDZ II WHITE,1,AFS-AIRBUDZII-WHT,2.000,2,0,2/0,0.000,0.000,2.000,28.000,0.000,0,0,-4/0,0.000,0.000,0.000,0.000,2.000,100.000,90.909,56.340
21,ENTERTAINMENT,19924,19924,WNT 3IN1 CHRG SYNC 1M CABLE,1,PWT-3in1,2.000,2,0,2/0,0.000,0.000,0.000,28.000,0.000,0,0,-2/0,0.000,0.000,0.000,0.000,2.000,60.000,54.545,34.980
21,ENTERTAINMENT,10089,10089,WNT LIGHTNING 3M BLUE CABLE,1,PWT-SL3M BLU,5.000,5,0,5/0,0.000,0.000,2.000,70.000,0.000,0,0,-7/0,0.000,0.000,0.000,0.000,2.000,60.000,54.545,37.120
21,ENTERTAINMENT,5738,5738,WNT LIGHTNING BLACK CABLE,1,PWT SL BLK,2.000,2,0,2/0,0.000,0.000,0.000,28.000,0.000,0,0,-2/0,0.000,0.000,0.000,0.000,2.000,44.000,40.000,31.900
21,ENTERTAINMENT,23120,23120,WNT PD USB-C TO USB-C,1,PWT-FCSUSBC-BLK,0.000,0,0,0/0,0.000,0.000,0.000,0.000,0.000,0,0,0/0,0.000,0.000,0.000,0.000,2.000,52.000,47.273,29.460
21,ENTERTAINMENT,23129,23129,WNT PD WALL CHARGER,1,PWT-FCAC30W,1.000,1,0,1/0,0.000,0.000,4.000,9.333,0.000,0,0,-5/0,0.000,0.000,0.000,0.000,3.000,120.000,109.091,69.000
34,SPORT DRINKS,170,170,*DEL* ORDER PLU 789  GATORADE ORANGE 600ML,12,10000839,48.000,4,0,4/0,0.000,0.000,0.000,336.000,0.000,0,0,-4/0,1.000,5.100,4.636,1.800,4.000,20.400,18.546,7.200
34,SPORT DRINKS,20586,20586,G-ACTIVE BERRY 600ML,12,10005962,24.000,2,0,2/0,0.000,0.000,12.000,25.846,0.000,0,0,-3/0,1.000,5.100,4.636,1.800,26.000,132.600,120.546,46.800
34,SPORT DRINKS,4027,4027,GATORADE BLUE 600ML,12,10000844,16.000,1,3,1/4,0.000,0.000,0.000,448.000,0.000,0,4,-1/4,1.000,5.100,4.636,1.800,1.000,5.100,4.636,1.800
34,SPORT DRINKS,789,789,GATORADE GRAPE 600ML,12,10000842,29.000,2,4,2/5,0.000,0.000,0.000,135.333,0.000,0,5,-2/5,3.000,15.300,13.909,5.400,6.000,30.600,27.818,10.800
34,SPORT DRINKS,22608,22608,GATORADE NS BERRY 600ML,12,10006899,29.000,2,4,2/5,0.000,0.000,12.000,47.765,0.000,0,5,-3/5,9.000,45.900,41.728,16.200,17.000,86.700,78.819,30.600
34,SPORT DRINKS,20585,20585,GATORADE W/MELON 600ML,12,10000782,33.000,2,9,2/9,0.000,0.000,12.000,71.077,0.000,0,9,-3/9,3.000,15.300,13.909,5.400,13.000,66.300,60.273,23.400
34,SPORT DRINKS,2350,2350,MAXIMUS BLUE 1L,12,2246,40.000,3,4,3/4,0.000,0.000,12.000,32.000,0.000,0,4,-4/4,4.000,20.400,18.546,12.680,35.000,157.600,143.274,110.950
34,SPORT DRINKS,17957,17957,MAXIMUS GRAPE 1L,12,2313,57.000,4,9,4/9,0.000,0.000,12.000,59.111,0.000,0,9,-5/9,10.000,51.000,46.364,31.700,27.000,130.000,118.183,85.590
34,SPORT DRINKS,23975,23975,MAXIMUS LEMONADE 1L,12,2298,26.000,2,1,2/2,0.000,0.000,12.000,52.000,0.000,0,2,-3/2,1.000,5.100,4.636,3.170,14.000,65.900,59.910,44.380
34,SPORT DRINKS,19675,19675,MAXIMUS MANGO P/FRT 1L,12,2314,1.000,0,1,0/1,0.000,0.000,24.000,1.217,0.000,0,1,-2/1,15.000,69.900,63.546,47.550,23.000,108.500,98.637,72.910
34,SPORT DRINKS,23976,23976,MAXIMUS PINE/LIME 1L,12,2297,22.000,1,10,1/10,0.000,0.000,12.000,26.783,0.000,0,10,-2/10,4.000,18.960,17.237,12.680,23.000,111.560,101.419,72.910
34,SPORT DRINKS,2346,2346,MAXIMUS RED 1L,12,2248,45.000,3,9,3/9,11.000,22.000,24.000,78.750,0.000,0,11,-3/11,2.000,10.200,9.273,6.340,16.000,75.430,68.573,50.720
34,SPORT DRINKS,885,885,PWRADE B/CURRANT SIP 600ML,12,956650,63.000,5,3,5/3,0.000,0.000,0.000,84.000,0.000,0,3,-5/3,5.000,24.400,22.182,11.550,21.000,93.900,85.364,48.510
34,SPORT DRINKS,253,253,PWRADE GOLD RUSH SIP 600ML,12,958666,69.000,5,9,5/9,0.000,0.000,0.000,50.842,0.000,0,9,-5/9,10.000,45.500,41.364,23.100,38.000,171.290,155.719,87.780
34,SPORT DRINKS,604,604,PWRADE MNT BLAST SIP 600ML,12,958668,20.000,1,8,1/8,0.000,0.000,12.000,24.348,0.000,0,8,-2/8,5.000,25.500,23.182,11.550,23.000,109.600,99.637,53.130
34,SPORT DRINKS,1376,1376,PWRADE ZERO BERRY SIP 600ML,12,954349,9.000,0,9,0/9,0.000,0.000,0.000,84.000,0.000,0,9,0/9,1.000,5.100,4.636,2.310,3.000,14.200,12.909,6.930
34,SPORT DRINKS,24160,24160,SUPERBOOST GRAPE 500ML,12,401081,-1.000,0,1,0/1,0.000,0.000,0.000,-28.000,1.000,0,1,0/1,1.000,4.860,4.418,2.960,1.000,4.860,4.418,2.960
38,WATER,20590,20590,C/RIDGE WATER 1.5L,8,2589,59.000,7,3,7/3,0.000,0.000,8.000,275.333,0.000,0,3,-8/3,6.000,24.600,24.600,10.140,6.000,24.600,24.600,10.140
38,WATER,20596,20596,C/RIDGE WATER RASP 750ML,12,10005951,13.000,1,0,1/1,0.000,0.000,0.000,52.000,0.000,0,1,-1/1,0.000,0.000,0.000,0.000,7.000,26.500,24.091,12.040
38,WATER,1565,1565,CORP PUMP LEMON 750ML,20,951977,45.000,2,5,2/5,0.000,0.000,60.000,96.923,0.000,0,5,-5/5,3.000,13.800,12.545,7.200,13.000,59.800,54.363,31.200
38,WATER,23834,23834,MT FRANK SPRK LIME 375ML,20,956559,98.000,4,18,4/18,0.000,0.000,20.000,211.077,0.000,0,18,-5/18,0.000,0.000,0.000,0.000,13.000,39.000,35.455,17.680
38,WATER,23833,23833,MT FRANK SPRK RASP 375ML,20,956533,90.000,4,10,4/10,0.000,0.000,60.000,315.000,0.000,0,10,-7/10,4.000,11.400,10.364,5.440,8.000,23.400,21.273,10.880
38,WATER,1587,1587,MT FRANKLIN STILL 1.5L,8,958387,8.000,1,0,1/0,0.000,0.000,0.000,28.000,0.000,0,0,-1/0,4.000,16.400,16.400,9.320,8.000,32.800,32.800,18.640
38,WATER,1564,1564,PUMP 750ML,20,951921,14.000,0,14,0/14,0.000,0.000,40.000,28.000,0.000,0,14,-2/14,6.000,24.600,24.600,13.260,14.000,57.400,57.400,30.940
38,WATER,1563,1563,PUMP BERRY 750ML,20,951974,16.000,0,16,0/16,0.000,0.000,20.000,34.462,0.000,0,16,-1/16,4.000,18.400,16.727,9.600,13.000,59.800,54.363,31.200
38,WATER,20592,20592,VOSS STILL WATER 800ML,12,10005589,3.000,0,3,0/3,0.000,0.000,0.000,16.800,0.000,0,3,0/3,1.000,5.900,5.900,3.230,5.000,29.500,29.500,16.150
38,WATER,19539,19539,YURRAMA WATER 1.5L,8,YW1.5x8,1173.000,146,5,146/5,0.000,0.000,592.000,67.303,0.000,0,5,-220/5,125.000,289.540,289.540,102.500,488.000,1124.060,1124.060,400.160
38,WATER,19537,19537,YURRAMA WATER 600ML,20,WYU600x20,1814.000,90,14,90/14,0.000,0.000,0.000,1953.538,0.000,0,14,-90/14,12.000,18.240,18.240,5.400,26.000,40.480,40.480,11.700
